symbol,year,horizon_h,n_signals,win_rate,loss_rate,flat_rate,mean_forward_return_pct,median_forward_return_pct,std_forward_return_pct,p25_forward_return_pct,p50_forward_return_pct,p75_forward_return_pct,pct_positive_return,pct_negative_return,favorable_move_rate,t_stat_mean_return,win_rate_ci95_low,win_rate_ci95_high,truth_label_block,win_rate_band
BRENTCMDUSD,2022,24,75,0.4533333333333333,0.5466666666666666,0.0,-0.4113427610107477,-0.402900886381943,2.316996929960939,-2.076396662342904,-0.402900886381943,0.8377636753389138,0.4533333333333333,0.5466666666666666,0.4533333333333333,-1.5374784320674268,0.3456961212759212,0.5655182630085175,UNVERIFIED_PYTHON_APPROXIMATION,no directional edge
BRENTCMDUSD,2022,168,75,0.5066666666666667,0.49333333333333335,0.0,0.7588548179964122,0.3060889458466229,7.096595425010384,-4.130380703067896,0.3060889458466229,5.37632552364842,0.5066666666666667,0.49333333333333335,0.5066666666666667,0.9260603300746119,0.39598184412213266,0.6167018152658047,UNVERIFIED_PYTHON_APPROXIMATION,borderline
BRENTCMDUSD,2022,336,75,0.56,0.44,0.0,0.7419031022455774,1.2147357665890863,7.811832322271458,-4.505143155442823,1.2147357665890863,6.272108612143424,0.56,0.44,0.56,0.8224791664554459,0.44746569425928456,0.6666872402321515,UNVERIFIED_PYTHON_APPROXIMATION,strong directional edge
BRENTCMDUSD,2023,24,89,0.5168539325842697,0.48314606741573035,0.0,-0.2353870672461155,0.07744152559805113,2.080382806797479,-1.2261580381471444,0.07744152559805113,1.2107538566939902,0.5168539325842697,0.48314606741573035,0.5168539325842697,-1.0674175655914113,0.4145040372503965,0.6178090637732825,UNVERIFIED_PYTHON_APPROXIMATION,borderline
BRENTCMDUSD,2023,168,89,0.5168539325842697,0.48314606741573035,0.0,-0.36170512092814755,0.28822596915982956,4.635569554792995,-3.496545946799088,0.28822596915982956,3.5097061528779623,0.5168539325842697,0.48314606741573035,0.5168539325842697,-0.7361165107912561,0.4145040372503965,0.6178090637732825,UNVERIFIED_PYTHON_APPROXIMATION,borderline
BRENTCMDUSD,2023,336,89,0.550561797752809,0.449438202247191,0.0,0.39233142022752493,0.40294450191247855,5.76299146587089,-3.4088389408208832,0.40294450191247855,4.762323059933733,0.550561797752809,0.449438202247191,0.550561797752809,0.6422440910868357,0.4472614742822269,0.6496778287888101,UNVERIFIED_PYTHON_APPROXIMATION,strong directional edge
BRENTCMDUSD,2024,24,67,0.3582089552238806,0.6119402985074627,0.029850746268656716,-0.33993083366208104,-0.5794462149745433,1.4850115242088027,-1.4110521422086573,-0.5794462149745433,0.5624402817606979,0.3582089552238806,0.6119402985074627,0.3582089552238806,-1.873691716327446,0.2539788838135447,0.47781712305247737,UNVERIFIED_PYTHON_APPROXIMATION,no directional edge
BRENTCMDUSD,2024,168,67,0.6268656716417911,0.373134328358209,0.0,0.2063818434743279,0.4762351931100093,2.9009829274786236,-1.7130035465976234,0.4762351931100093,2.2900245110545177,0.6268656716417911,0.373134328358209,0.6268656716417911,0.5823226943341547,0.5071518645751268,0.7328201292815902,UNVERIFIED_PYTHON_APPROXIMATION,strong directional edge
BRENTCMDUSD,2024,336,67,0.5970149253731343,0.40298507462686567,0.0,-0.137330578422593,0.35002394900703965,2.9290082364391408,-1.843715003850558,0.35002394900703965,1.006336358195828,0.5970149253731343,0.40298507462686567,0.5970149253731343,-0.38378151920829373,0.4774111146058888,0.7060968806963064,UNVERIFIED_PYTHON_APPROXIMATION,strong directional edge
BRENTCMDUSD,2025,24,66,0.4696969696969697,0.5303030303030303,0.0,-0.02204533504889185,-0.12098062776275234,1.8494981747922568,-0.855358429124528,-0.12098062776275234,0.9332773141223201,0.4696969696969697,0.5303030303030303,0.4696969696969697,-0.0968355368073729,0.354302309719119,0.5884252337506756,UNVERIFIED_PYTHON_APPROXIMATION,no directional edge
BRENTCMDUSD,2025,168,66,0.45454545454545453,0.5454545454545454,0.0,-0.3784584724237179,-0.31639487536127875,5.652627356358779,-1.6668765569596273,-0.31639487536127875,1.4986969225461906,0.45454545454545453,0.5454545454545454,0.45454545454545453,-0.5439260313297388,0.340239312591756,0.5738520026129358,UNVERIFIED_PYTHON_APPROXIMATION,no directional edge
BRENTCMDUSD,2025,336,65,0.5538461538461539,0.4461538461538462,0.0,-0.20818731810608324,0.2550823220220962,4.859634711692171,-3.379270815161865,0.2550823220220962,2.895454210565101,0.5538461538461539,0.4461538461538462,0.5538461538461539,-0.34538806269943056,0.4333760431730088,0.6683066603086071,UNVERIFIED_PYTHON_APPROXIMATION,strong directional edge
EURJPY,2022,24,41,0.5365853658536586,0.4634146341463415,0.0,-0.03702397015210489,0.05366713828697156,0.7327430904566402,-0.5309869295525005,0.05366713828697156,0.5094116473588989,0.5365853658536586,0.4634146341463415,0.5365853658536586,-0.32353642597870613,0.38746215345974366,0.6794400088181413,UNVERIFIED_PYTHON_APPROXIMATION,usable
EURJPY,2022,168,41,0.5121951219512195,0.4878048780487805,0.0,-0.19114678950507516,0.07716736414092944,1.84197028883054,-1.6000225355286632,0.07716736414092944,1.137562599378819,0.5121951219512195,0.4878048780487805,0.5121951219512195,-0.6644714348592964,0.36484259315865186,0.657458127600643,UNVERIFIED_PYTHON_APPROXIMATION,borderline
EURJPY,2022,336,41,0.5365853658536586,0.4634146341463415,0.0,0.4601119706018388,0.2456602603843826,2.058271329761606,-1.2693747594555775,0.2456602603843826,2.4838395146437415,0.5365853658536586,0.4634146341463415,0.5365853658536586,1.4313730499442243,0.38746215345974366,0.6794400088181413,UNVERIFIED_PYTHON_APPROXIMATION,usable
EURJPY,2023,24,39,0.3076923076923077,0.6923076923076923,0.0,-0.2209597007525779,-0.28857621316328524,0.6092394966253989,-0.536818886140709,-0.28857621316328524,0.0724199470672445,0.3076923076923077,0.6923076923076923,0.3076923076923077,-2.2649432555995435,0.1856575344598306,0.464215486155646,UNVERIFIED_PYTHON_APPROXIMATION,no directional edge
EURJPY,2023,168,39,0.5641025641025641,0.4358974358974359,0.0,0.013417883440352099,0.17310875525960054,1.3921647518840579,-0.6260580251762565,0.17310875525960054,0.8376006294007239,0.5641025641025641,0.4358974358974359,0.5641025641025641,0.060190185906043144,0.40975423474522105,0.7069547583829534,UNVERIFIED_PYTHON_APPROXIMATION,strong directional edge
EURJPY,2023,336,39,0.5897435897435898,0.41025641025641024,0.0,0.014902984346880766,0.12625160332821833,1.6553509813838991,-0.3755459684916175,0.12625160332821833,0.827362133509628,0.5897435897435898,0.41025641025641024,0.5897435897435898,0.056223186782192756,0.43418348473344903,0.7292091056459952,UNVERIFIED_PYTHON_APPROXIMATION,strong directional edge
EURJPY,2024,24,29,0.4482758620689655,0.5517241379310345,0.0,-0.12248932121464019,-0.07836798667743364,0.5586492699896316,-0.33561817406407424,-0.07836798667743364,0.2653405822648594,0.4482758620689655,0.5517241379310345,0.4482758620689655,-1.1807501008049588,0.2841291114874579,0.6245233293193238,UNVERIFIED_PYTHON_APPROXIMATION,no directional edge
EURJPY,2024,168,29,0.5172413793103449,0.4827586206896552,0.0,0.008046589892393048,0.155116398368236,1.1782973844033782,-0.7603255028404727,0.155116398368236,1.0032201349810088,0.5172413793103449,0.4827586206896552,0.5172413793103449,0.03677527700521901,0.3443073797056916,0.6861418066920478,UNVERIFIED_PYTHON_APPROXIMATION,borderline
EURJPY,2024,336,29,0.5517241379310345,0.4482758620689655,0.0,-0.19034493199996116,0.2571023768229357,2.1028285796300388,-0.880595642981899,0.2571023768229357,1.045561897264311,0.5517241379310345,0.4482758620689655,0.5517241379310345,-0.48745715126381883,0.37547667068067625,0.715870888512542,UNVERIFIED_PYTHON_APPROXIMATION,strong directional edge
EURJPY,2025,24,43,0.4186046511627907,0.5813953488372093,0.0,0.0005073343413168251,-0.051128081282767704,0.46325637112739737,-0.2542827763332328,-0.051128081282767704,0.31281297538791386,0.4186046511627907,0.5813953488372093,0.4186046511627907,0.007181366435082317,0.2838433433748524,0.5667168424428823,UNVERIFIED_PYTHON_APPROXIMATION,no directional edge
EURJPY,2025,168,40,0.625,0.375,0.0,0.30928329309241587,0.4892902078685166,0.8214150272884899,-0.2331885085497956,0.4892902078685166,0.9409703584531995,0.625,0.375,0.625,2.3813531915479746,0.47032160054531913,0.7577722646420829,UNVERIFIED_PYTHON_APPROXIMATION,strong directional edge
EURJPY,2025,336,39,0.7435897435897436,0.2564102564102564,0.0,0.4239351181450022,0.39946040864742344,1.120692573336304,-0.012768860240134763,0.39946040864742344,1.0891197602145244,0.7435897435897436,0.2564102564102564,0.7435897435897436,2.362355232162191,0.589180432321585,0.854313741565478,UNVERIFIED_PYTHON_APPROXIMATION,strong directional edge
GBPJPY,2022,24,31,0.41935483870967744,0.5806451612903226,0.0,-0.10754514954731646,-0.06238932197302635,0.8186444419965642,-0.41612309967957173,-0.06238932197302635,0.4985858799206248,0.41935483870967744,0.5806451612903226,0.41935483870967744,-0.7314360427152169,0.26415303073549257,0.5923403564797902,UNVERIFIED_PYTHON_APPROXIMATION,no directional edge
GBPJPY,2022,168,31,0.41935483870967744,0.5806451612903226,0.0,-0.5103852429370502,-0.27159520612906163,1.613878469700161,-1.3402568354782747,-0.27159520612906163,0.539637703089902,0.41935483870967744,0.5806451612903226,0.41935483870967744,-1.7607922903062247,0.26415303073549257,0.5923403564797902,UNVERIFIED_PYTHON_APPROXIMATION,no directional edge
GBPJPY,2022,336,31,0.45161290322580644,0.5483870967741935,0.0,-0.178116564741262,-0.13974707659143293,2.1980840270850828,-1.3196181963942513,-0.13974707659143293,1.0698211327542548,0.45161290322580644,0.5483870967741935,0.45161290322580644,-0.4511706783617504,0.29161482836586106,0.6222812039633085,UNVERIFIED_PYTHON_APPROXIMATION,no directional edge
GBPJPY,2023,24,30,0.6,0.4,0.0,0.09761252604929617,0.08996208331216865,0.6061568206451888,-0.44760132859659263,0.08996208331216865,0.3694155690439742,0.6,0.4,0.6,0.882025584655681,0.4232005249827383,0.754096056739166,UNVERIFIED_PYTHON_APPROXIMATION,strong directional edge
GBPJPY,2023,168,30,0.6666666666666666,0.3333333333333333,0.0,0.35089825560922056,0.38948260646684846,0.9983818208924827,-0.45022427312301644,0.38948260646684846,0.9813189286450401,0.6666666666666666,0.3333333333333333,0.6666666666666666,1.9250639982063693,0.48779725813830266,0.807697044731538,UNVERIFIED_PYTHON_APPROXIMATION,strong directional edge
GBPJPY,2023,336,30,0.6333333333333333,0.36666666666666664,0.0,0.46810530088553864,0.18313417255012224,1.4672128405096434,-0.41823567008372026,0.18313417255012224,1.4753748275017533,0.6333333333333333,0.36666666666666664,0.6333333333333333,1.7474753866909563,0.45513246433604937,0.7812629779598231,UNVERIFIED_PYTHON_APPROXIMATION,strong directional edge
GBPJPY,2024,24,35,0.6,0.4,0.0,-0.0036118208639398814,0.19223647809702696,0.6412953539988003,-0.34537819727789965,0.19223647809702696,0.3160392981700304,0.6,0.4,0.6,-0.03331978044140344,0.43572419581519467,0.7444949506669274,UNVERIFIED_PYTHON_APPROXIMATION,strong directional edge
GBPJPY,2024,168,35,0.5714285714285714,0.42857142857142855,0.0,-0.39899675997751216,0.2637117297953366,2.0639504738655465,-1.5077108047417103,0.2637117297953366,0.8247870153264276,0.5714285714285714,0.42857142857142855,0.5714285714285714,-1.143678927917425,0.4085712925897337,0.7201566691832108,UNVERIFIED_PYTHON_APPROXIMATION,strong directional edge
GBPJPY,2024,336,35,0.45714285714285713,0.5428571428571428,0.0,-0.7010101317685097,-0.2475038524053755,2.517902592415662,-2.1567821847345217,-0.2475038524053755,1.1770724730156144,0.45714285714285713,0.5428571428571428,0.45714285714285713,-1.6470978189528953,0.3046577363376085,0.6181054865986247,UNVERIFIED_PYTHON_APPROXIMATION,no directional edge
GBPJPY,2025,24,49,0.5306122448979592,0.4489795918367347,0.02040816326530612,-0.03195036561875855,0.018728150491094435,0.47998654535816876,-0.3548095285958332,0.018728150491094435,0.27657093861590354,0.5306122448979592,0.4489795918367347,0.5306122448979592,-0.465955892918663,0.39380627019919845,0.6629671810210522,UNVERIFIED_PYTHON_APPROXIMATION,usable
GBPJPY,2025,168,49,0.5306122448979592,0.46938775510204084,0.0,0.17234145703909792,0.2693087567261599,1.291273321775743,-0.6923717284928247,0.2693087567261599,1.0186459767238125,0.5306122448979592,0.46938775510204084,0.5306122448979592,0.934264015936357,0.39380627019919845,0.6629671810210522,UNVERIFIED_PYTHON_APPROXIMATION,usable
GBPJPY,2025,336,49,0.673469387755102,0.32653061224489793,0.0,0.4674424383145706,0.7225522960762525,1.2266541673864106,-0.2173989446360665,0.7225522960762525,1.529220372919538,0.673469387755102,0.32653061224489793,0.673469387755102,2.6674976168496927,0.5337894368740628,0.7879267867073578,UNVERIFIED_PYTHON_APPROXIMATION,strong directional edge
LIGHTCMDUSD,2022,24,38,0.6052631578947368,0.39473684210526316,0.0,0.31022151571080275,0.8044599129444504,2.640317923704805,-1.6585856199129894,0.8044599129444504,1.8431953205391167,0.6052631578947368,0.39473684210526316,0.6052631578947368,0.7242816625607761,0.4471758699869596,0.7440214073638108,UNVERIFIED_PYTHON_APPROXIMATION,strong directional edge
LIGHTCMDUSD,2022,168,38,0.5,0.5,0.0,-0.28757762608384696,-0.27444243365547594,6.2801850799274295,-4.502881915694873,-0.27444243365547594,3.6578410268563184,0.5,0.5,0.5,-0.282276321893419,0.3484967553286069,0.6515032446713931,UNVERIFIED_PYTHON_APPROXIMATION,borderline
LIGHTCMDUSD,2022,336,38,0.5789473684210527,0.42105263157894735,0.0,-0.40431682028611027,1.1175803828847086,7.6096839193242,-6.578890812540806,1.1175803828847086,4.552890965062264,0.5789473684210527,0.42105263157894735,0.5789473684210527,-0.3275269111084093,0.42192070613127325,0.7214772518818047,UNVERIFIED_PYTHON_APPROXIMATION,strong directional edge
LIGHTCMDUSD,2023,24,57,0.5087719298245614,0.49122807017543857,0.0,-0.19372426689817668,0.17032873445751331,1.8671209301696738,-1.768402041814556,0.17032873445751331,0.9508634202583154,0.5087719298245614,0.49122807017543857,0.5087719298245614,-0.7833376604280923,0.38259680329032353,0.6338393193625982,UNVERIFIED_PYTHON_APPROXIMATION,borderline
LIGHTCMDUSD,2023,168,57,0.543859649122807,0.45614035087719296,0.0,-0.15307043224389325,0.24295432458697722,5.041167508789401,-3.186817457541481,0.24295432458697722,3.8671231139850506,0.543859649122807,0.45614035087719296,0.543859649122807,-0.22924380480549547,0.41590460831272247,0.6662760049518861,UNVERIFIED_PYTHON_APPROXIMATION,usable
LIGHTCMDUSD,2023,336,57,0.45614035087719296,0.543859649122807,0.0,-0.4500339304705143,-0.8328469993191352,6.753661345341478,-4.354957952130112,-0.8328469993191352,2.8989622898252296,0.45614035087719296,0.543859649122807,0.45614035087719296,-0.5030873612947997,0.33372399504811395,0.5840953916872775,UNVERIFIED_PYTHON_APPROXIMATION,no directional edge
LIGHTCMDUSD,2024,24,52,0.40384615384615385,0.5961538461538461,0.0,-0.40161266816524976,-0.7512970414362397,1.8904345416340096,-1.7661085845659084,-0.7512970414362397,1.0583122932877402,0.40384615384615385,0.5961538461538461,0.40384615384615385,-1.5319600187733486,0.2815953542428228,0.5393266823750391,UNVERIFIED_PYTHON_APPROXIMATION,no directional edge
LIGHTCMDUSD,2024,168,52,0.6153846153846154,0.38461538461538464,0.0,0.4885953497195359,0.7628099394478567,3.303498603796088,-2.0696473423834383,0.7628099394478567,2.7024385246462184,0.6153846153846154,0.38461538461538464,0.6153846153846154,1.0665393255155053,0.47959626940741784,0.7352972866511478,UNVERIFIED_PYTHON_APPROXIMATION,strong directional edge
LIGHTCMDUSD,2024,336,52,0.5576923076923077,0.4423076923076923,0.0,0.09995311822699299,0.7134349566509541,4.025241257367631,-2.823354775370009,0.7134349566509541,2.973634399000785,0.5576923076923077,0.4423076923076923,0.5576923076923077,0.17906310199434733,0.42339524991516386,0.6840515281141191,UNVERIFIED_PYTHON_APPROXIMATION,strong directional edge
LIGHTCMDUSD,2025,24,55,0.4,0.6,0.0,-0.2549908700587215,-0.34008225245175344,1.785051507853784,-1.0266363908839924,-0.34008225245175344,0.8883844135576165,0.4,0.6,0.4,-1.0593884246098724,0.28118303786433585,0.5318743908935498,UNVERIFIED_PYTHON_APPROXIMATION,no directional edge
LIGHTCMDUSD,2025,168,55,0.43636363636363634,0.5454545454545454,0.01818181818181818,-0.6006110021680628,-0.5537570284545876,4.67162970307375,-3.1244558580744815,-0.5537570284545876,1.5335376636719236,0.43636363636363634,0.5454545454545454,0.43636363636363634,-0.9534682088952973,0.31373238636001305,0.5673041592131869,UNVERIFIED_PYTHON_APPROXIMATION,no directional edge
LIGHTCMDUSD,2025,336,55,0.45454545454545453,0.5454545454545454,0.0,-0.27414372472093396,-0.26559085560598855,4.262904398025008,-3.3567299534280064,-0.26559085560598855,2.366330227832402,0.45454545454545453,0.5454545454545454,0.45454545454545453,-0.4769293623999853,0.330250717464462,0.584775386516395,UNVERIFIED_PYTHON_APPROXIMATION,no directional edge
USDJPY,2022,24,31,0.3870967741935484,0.6129032258064516,0.0,-0.17466680521009362,-0.16254276992002592,0.7794286651067165,-0.445351956030815,-0.16254276992002592,0.24700604422213687,0.3870967741935484,0.6129032258064516,0.3870967741935484,-1.247713430304723,0.23732875351271562,0.5617619885886803,UNVERIFIED_PYTHON_APPROXIMATION,no directional edge
USDJPY,2022,168,31,0.6129032258064516,0.3870967741935484,0.0,0.001230846242587404,0.22078509092173854,1.34054001200245,-0.8055551812670152,0.22078509092173854,0.782886947965052,0.6129032258064516,0.3870967741935484,0.6129032258064516,0.0051121650858929075,0.4382380114113197,0.7626712464872843,UNVERIFIED_PYTHON_APPROXIMATION,strong directional edge
USDJPY,2022,336,31,0.5161290322580645,0.4838709677419355,0.0,-0.20472287649904966,0.013957586384379144,2.163684323226034,-1.8161343996355286,0.013957586384379144,1.3736061101938963,0.5161290322580645,0.4838709677419355,0.5161290322580645,-0.5268091670267113,0.34840118286973176,0.6803001396872117,UNVERIFIED_PYTHON_APPROXIMATION,borderline
USDJPY,2023,24,42,0.3333333333333333,0.6428571428571429,0.023809523809523808,-0.1869078128197902,-0.07844745424766514,0.5730286457658573,-0.4625131143174953,-0.07844745424766514,0.1168990635547977,0.3333333333333333,0.6428571428571429,0.3333333333333333,-2.113857794618102,0.21012280761972318,0.4844777298833309,UNVERIFIED_PYTHON_APPROXIMATION,no directional edge
USDJPY,2023,168,42,0.6428571428571429,0.35714285714285715,0.0,0.366335475333538,0.6558621919971994,1.2564538089509054,-0.6165044904745195,0.6558621919971994,1.3508651205473547,0.6428571428571429,0.35714285714285715,0.6428571428571429,1.889544372703171,0.4916608928707938,0.7701100749837315,UNVERIFIED_PYTHON_APPROXIMATION,strong directional edge
USDJPY,2023,336,42,0.7619047619047619,0.23809523809523808,0.0,0.804295564122713,1.2057959278518415,1.7147201066996665,0.0992858835405384,1.2057959278518415,1.6197994909349247,0.7619047619047619,0.23809523809523808,0.7619047619047619,3.039814472107274,0.6147216491768113,0.8651917918898182,UNVERIFIED_PYTHON_APPROXIMATION,strong directional edge
USDJPY,2024,24,30,0.5666666666666667,0.43333333333333335,0.0,0.03263062711292183,0.07494561945050487,0.6486398709146574,-0.3218890545731071,0.07494561945050487,0.41355755669978084,0.5666666666666667,0.43333333333333335,0.5666666666666667,0.27553857443398627,0.3919700954540873,0.7262276256938489,UNVERIFIED_PYTHON_APPROXIMATION,strong directional edge
USDJPY,2024,168,30,0.6333333333333333,0.36666666666666664,0.0,-0.03315802209240701,0.2790757375413834,1.3201605810906785,-0.9583599357796415,0.2790757375413834,0.9203737075710894,0.6333333333333333,0.36666666666666664,0.6333333333333333,-0.1375696026862243,0.45513246433604937,0.7812629779598231,UNVERIFIED_PYTHON_APPROXIMATION,strong directional edge
USDJPY,2024,336,30,0.6666666666666666,0.3333333333333333,0.0,0.23567198879467927,0.9475230490683052,2.38182433865465,-1.0210095888983888,0.9475230490683052,1.9208661815966885,0.6666666666666666,0.3333333333333333,0.6666666666666666,0.5419495566489247,0.48779725813830266,0.807697044731538,UNVERIFIED_PYTHON_APPROXIMATION,strong directional edge
USDJPY,2025,24,45,0.5111111111111111,0.4888888888888889,0.0,-0.029068001665443013,0.008435200089975788,0.4814590500385888,-0.4574005886325056,0.008435200089975788,0.30162838567673916,0.5111111111111111,0.4888888888888889,0.5111111111111111,-0.4050065796175071,0.3700422432648975,0.6504321064697549,UNVERIFIED_PYTHON_APPROXIMATION,borderline
USDJPY,2025,168,44,0.6590909090909091,0.3409090909090909,0.0,0.38243713436714155,0.5280287369688601,1.2124261825585523,-0.316843435261729,0.5280287369688601,0.8729972772524649,0.6590909090909091,0.3409090909090909,0.6590909090909091,2.0923343603779117,0.5113886797193951,0.7812436737136005,UNVERIFIED_PYTHON_APPROXIMATION,strong directional edge
USDJPY,2025,336,43,0.5581395348837209,0.4418604651162791,0.0,0.42862845740537925,0.40086553666047314,1.694468698331628,-0.792017455922567,0.40086553666047314,1.5976729472999645,0.5581395348837209,0.4418604651162791,0.5581395348837209,1.658752836195552,0.4110735806551171,0.6956691437607867,UNVERIFIED_PYTHON_APPROXIMATION,strong directional edge
XAGUSD,2022,24,57,0.543859649122807,0.45614035087719296,0.0,0.2519317658981938,0.24285154719936392,1.8460843029723046,-0.8695243466817011,0.24285154719936392,1.304250056217671,0.543859649122807,0.45614035087719296,0.543859649122807,1.030312168547423,0.41590460831272247,0.6662760049518861,UNVERIFIED_PYTHON_APPROXIMATION,usable
XAGUSD,2022,168,57,0.543859649122807,0.45614035087719296,0.0,0.4907181676312079,0.3503025340066338,4.108512540803595,-2.4778487533484346,0.3503025340066338,3.239750251058817,0.543859649122807,0.45614035087719296,0.543859649122807,0.9017475018514651,0.41590460831272247,0.6662760049518861,UNVERIFIED_PYTHON_APPROXIMATION,usable
XAGUSD,2022,336,57,0.47368421052631576,0.5263157894736842,0.0,0.4704724086510687,-0.31000305636815245,6.096815865730738,-2.767205020059666,-0.31000305636815245,4.917766497461923,0.47368421052631576,0.5263157894736842,0.47368421052631576,0.5825973540785104,0.3498695765634663,0.6008220554777685,UNVERIFIED_PYTHON_APPROXIMATION,no directional edge
XAGUSD,2023,24,50,0.44,0.56,0.0,-0.5358409703486886,-0.23823200867374072,1.746880370895306,-1.406044394589816,-0.23823200867374072,0.6318297612829463,0.44,0.56,0.44,-2.168991020128908,0.3116198721023534,0.5769421319985648,UNVERIFIED_PYTHON_APPROXIMATION,no directional edge
XAGUSD,2023,168,50,0.46,0.54,0.0,-0.6457029221582232,-0.7869847342217544,3.7730648721060467,-2.9436576345534675,-0.7869847342217544,1.9252762437268196,0.46,0.54,0.46,-1.2101061878514565,0.3296943460178263,0.5960136567161192,UNVERIFIED_PYTHON_APPROXIMATION,no directional edge
XAGUSD,2023,336,50,0.38,0.62,0.0,-0.6119602465231511,-1.1275054958312714,4.967374185003264,-3.9656582226546044,-1.1275054958312714,2.3539430175443825,0.38,0.62,0.38,-0.8711267241342866,0.2586259584257722,0.5184980497760643,UNVERIFIED_PYTHON_APPROXIMATION,no directional edge
XAGUSD,2024,24,44,0.6136363636363636,0.38636363636363635,0.0,0.3389758240674034,0.2604103233922918,1.5597859135475376,-0.5390389967201745,0.2604103233922918,1.2470957923442867,0.6136363636363636,0.38636363636363635,0.6136363636363636,1.44155119195316,0.46623309846201666,0.7427900111329802,UNVERIFIED_PYTHON_APPROXIMATION,strong directional edge
XAGUSD,2024,168,44,0.5909090909090909,0.4090909090909091,0.0,0.5779611198140533,1.1475372012784784,3.0418090048796596,-1.738747866685747,1.1475372012784784,2.9418441703131446,0.5909090909090909,0.4090909090909091,0.5909090909090909,1.2603553837613104,0.44409492646606574,0.7231235612099317,UNVERIFIED_PYTHON_APPROXIMATION,strong directional edge
XAGUSD,2024,336,44,0.6136363636363636,0.38636363636363635,0.0,1.3656082552319262,1.1732985913562801,5.219295505245538,-1.625470881633396,1.1732985913562801,3.882307512047904,0.6136363636363636,0.38636363636363635,0.6136363636363636,1.735563808818339,0.46623309846201666,0.7427900111329802,UNVERIFIED_PYTHON_APPROXIMATION,strong directional edge
XAGUSD,2025,24,27,0.4444444444444444,0.5555555555555556,0.0,-0.3272481947514501,-0.04941220069589037,2.025588905577184,-0.9011798350932563,-0.04941220069589037,0.7079649520040554,0.4444444444444444,0.5555555555555556,0.4444444444444444,-0.839475125136306,0.27585597670072837,0.6268728052042312,UNVERIFIED_PYTHON_APPROXIMATION,no directional edge
XAGUSD,2025,168,27,0.8148148148148148,0.18518518518518517,0.0,2.2309238703545295,2.5918496621621605,2.8540035180216328,0.29630085559112335,2.5918496621621605,3.8612413511509027,0.8148148148148148,0.18518518518518517,0.8148148148148148,4.061740078671087,0.6330094349480826,0.9181941342571467,UNVERIFIED_PYTHON_APPROXIMATION,strong directional edge
XAGUSD,2025,336,27,0.7037037037037037,0.2962962962962963,0.0,3.1957774451135634,2.5961720674625823,5.159050871230583,-0.21823372393546592,2.5961720674625823,6.565435644364785,0.7037037037037037,0.2962962962962963,0.7037037037037037,3.218760025503897,0.515189666191624,0.8414714668235244,UNVERIFIED_PYTHON_APPROXIMATION,strong directional edge
XAUUSD,2022,24,49,0.5306122448979592,0.46938775510204084,0.0,0.08774428488529838,0.02548082208530191,0.8345905296158832,-0.4017493288762235,0.02548082208530191,0.779087290537111,0.5306122448979592,0.46938775510204084,0.5306122448979592,0.7359417251952,0.39380627019919845,0.6629671810210522,UNVERIFIED_PYTHON_APPROXIMATION,usable
XAUUSD,2022,168,49,0.6326530612244898,0.3673469387755102,0.0,0.23001894449575244,0.6192468152821808,1.7479566808087807,-1.0048426512244235,0.6192468152821808,1.4594127711303244,0.6326530612244898,0.3673469387755102,0.6326530612244898,0.9211513243710695,0.49266811386889864,0.7533501747521878,UNVERIFIED_PYTHON_APPROXIMATION,strong directional edge
XAUUSD,2022,336,49,0.5306122448979592,0.46938775510204084,0.0,0.24264975934044283,0.41556837880839237,2.7450946723842558,-1.593417400101519,0.41556837880839237,2.3022575794453943,0.5306122448979592,0.46938775510204084,0.5306122448979592,0.6187576452173227,0.39380627019919845,0.6629671810210522,UNVERIFIED_PYTHON_APPROXIMATION,usable
XAUUSD,2023,24,44,0.5227272727272727,0.4772727272727273,0.0,0.1349131014260585,0.05744093654300517,1.197203009680068,-0.37802419438068335,0.05744093654300517,0.5070121221429471,0.5227272727272727,0.4772727272727273,0.5227272727272727,0.7475025256626661,0.379352201361717,0.6624524205572824,UNVERIFIED_PYTHON_APPROXIMATION,usable
XAUUSD,2023,168,44,0.4318181818181818,0.5681818181818182,0.0,0.11192531053998084,-0.3369220293672085,2.1167081412978335,-1.1535614836963592,-0.3369220293672085,0.9218775767449896,0.4318181818181818,0.5681818181818182,0.4318181818181818,0.35074675848085657,0.29682504164854573,0.5777610925944561,UNVERIFIED_PYTHON_APPROXIMATION,no directional edge
XAUUSD,2023,336,44,0.5,0.5,0.0,0.4406320817056336,-0.01080449128330551,2.933252723941016,-1.678469020884313,-0.01080449128330551,1.982050969936311,0.5,0.5,0.5,0.9964441684024479,0.35831521095931473,0.6416847890406853,UNVERIFIED_PYTHON_APPROXIMATION,borderline
XAUUSD,2024,24,29,0.7586206896551724,0.2413793103448276,0.0,0.2187215572456344,0.2899245405068336,0.8503039023451924,0.004943294705925647,0.2899245405068336,0.7062555718933438,0.7586206896551724,0.2413793103448276,0.7586206896551724,1.3852125450586024,0.578920477816713,0.8778173181493787,UNVERIFIED_PYTHON_APPROXIMATION,strong directional edge
XAUUSD,2024,168,29,0.7241379310344828,0.27586206896551724,0.0,0.46344801702077804,0.5127131945171135,1.0564017487677688,-0.0401523659561746,0.5127131945171135,1.0551991431851295,0.7241379310344828,0.27586206896551724,0.7241379310344828,2.3624950963094355,0.5428252365556403,0.8530141866149725,UNVERIFIED_PYTHON_APPROXIMATION,strong directional edge
XAUUSD,2024,336,29,0.7586206896551724,0.2413793103448276,0.0,1.5116954491524586,0.8807774876925155,2.233610028084052,0.11715567675863267,0.8807774876925155,2.846476596097496,0.7586206896551724,0.2413793103448276,0.7586206896551724,3.6446510489855597,0.578920477816713,0.8778173181493787,UNVERIFIED_PYTHON_APPROXIMATION,strong directional edge
XAUUSD,2025,24,25,0.6,0.4,0.0,0.12588428180909012,0.0601624385841857,0.8698604029219942,-0.15104650735568534,0.0601624385841857,0.529740876591,0.6,0.4,0.6,0.7235889884527767,0.40739127785127344,0.7659694233580909,UNVERIFIED_PYTHON_APPROXIMATION,strong directional edge
XAUUSD,2025,168,24,0.625,0.375,0.0,1.1382272342511772,1.619298131066678,2.799528012851774,-0.6653411046734533,1.619298131066678,2.9513621840023236,0.625,0.375,0.625,1.991818565454979,0.42709619037907065,0.7884086656636855,UNVERIFIED_PYTHON_APPROXIMATION,strong directional edge
XAUUSD,2025,336,24,0.6666666666666666,0.3333333333333333,0.0,1.5481799373047256,1.5238144941400487,2.752650091188854,-0.6321968580347254,1.5238144941400487,2.9911992919618617,0.6666666666666666,0.3333333333333333,0.6666666666666666,2.755345395006437,0.4670595949408046,0.8202802131162036,UNVERIFIED_PYTHON_APPROXIMATION,strong directional edge
