symbol,horizon_h,n_signals,win_rate,loss_rate,flat_rate,mean_forward_return_pct,median_forward_return_pct,std_forward_return_pct,p25_forward_return_pct,p50_forward_return_pct,p75_forward_return_pct,pct_positive_return,pct_negative_return,favorable_move_rate,t_stat_mean_return,win_rate_ci95_low,win_rate_ci95_high,truth_label_block,win_rate_band
BRENTCMDUSD,24,297,0.45454545454545453,0.5387205387205387,0.006734006734006734,-0.25599499673163845,-0.15109050436546861,1.9727463694654899,-1.348739174593464,-0.15109050436546861,0.9309145468185263,0.45454545454545453,0.5387205387205387,0.45454545454545453,-2.236343179265834,0.39885572365754834,0.5113960500333242,UNVERIFIED_PYTHON_APPROXIMATION,no directional edge
BRENTCMDUSD,168,297,0.5252525252525253,0.47474747474747475,0.0,0.04569589198633115,0.28822596915982956,5.300625009598381,-2.7134364439181913,0.28822596915982956,2.933574567071587,0.5252525252525253,0.47474747474747475,0.5252525252525253,0.14856903500789453,0.4685001183104789,0.5813600074168142,UNVERIFIED_PYTHON_APPROXIMATION,usable
BRENTCMDUSD,336,296,0.5641891891891891,0.4358108108108108,0.0,0.22914494809952335,0.40470225312402613,5.692593537882921,-3.405264397584637,0.40470225312402613,3.3725631657700075,0.5641891891891891,0.4358108108108108,0.5641891891891891,0.6925417610563441,0.5072338078602908,0.6194997741376708,UNVERIFIED_PYTHON_APPROXIMATION,strong directional edge
EURJPY,24,152,0.4276315789473684,0.5723684210526315,0.0,-0.08990648713246566,-0.0813877263064901,0.6007710608974194,-0.4348415483362992,-0.0813877263064901,0.3115616739112114,0.4276315789473684,0.5723684210526315,0.4276315789473684,-1.8450316412020173,0.3517189844862888,0.5071120336757424,UNVERIFIED_PYTHON_APPROXIMATION,no directional edge
EURJPY,168,149,0.5570469798657718,0.4429530201342282,0.0,0.03550981151034688,0.19644315119371236,1.3747163960755509,-0.7704864926667179,0.19644315119371236,0.9779633093436112,0.5570469798657718,0.4429530201342282,0.5570469798657718,0.31530320751440905,0.47684836279164045,0.6343779002152896,UNVERIFIED_PYTHON_APPROXIMATION,strong directional edge
EURJPY,336,148,0.6081081081081081,0.3918918918918919,0.0,0.20580590380986455,0.26829317389100443,1.7604981155513229,-0.4878613325650781,0.26829317389100443,1.141583908950886,0.6081081081081081,0.3918918918918919,0.6081081081081081,1.4221752686361324,0.5276761046762952,0.6830698305614789,UNVERIFIED_PYTHON_APPROXIMATION,strong directional edge
GBPJPY,24,145,0.5379310344827586,0.45517241379310347,0.006896551724137931,-0.014465555172724055,0.035891859937301165,0.6262024851908042,-0.41684603996262615,0.035891859937301165,0.3332448925444491,0.5379310344827586,0.45517241379310347,0.5379310344827586,-0.278166176063673,0.45685009283412303,0.617053976995817,UNVERIFIED_PYTHON_APPROXIMATION,usable
GBPJPY,168,145,0.5448275862068965,0.45517241379310347,0.0,-0.07458724184185567,0.09225140604771712,1.55881239326252,-0.7608926458841136,0.09225140604771712,0.8904581559450243,0.5448275862068965,0.45517241379310347,0.5448275862068965,-0.5761753825488746,0.463658273260272,0.6236829001751115,UNVERIFIED_PYTHON_APPROXIMATION,usable
GBPJPY,336,145,0.5655172413793104,0.43448275862068964,0.0,0.04752324403519415,0.19136861554704188,1.9190035317236893,-0.9843757690435757,0.19136861554704188,1.3423282984938023,0.5655172413793104,0.43448275862068964,0.5655172413793104,0.29820457767829384,0.48417345169420645,0.6434790325575082,UNVERIFIED_PYTHON_APPROXIMATION,strong directional edge
LIGHTCMDUSD,24,202,0.47029702970297027,0.5297029702970297,0.0,-0.1691199119505358,-0.10423430494608701,2.019149805852835,-1.435505265228558,-0.10423430494608701,1.092107426720769,0.47029702970297027,0.5297029702970297,0.47029702970297027,-1.1904245837843848,0.40266365280758,0.539039093381723,UNVERIFIED_PYTHON_APPROXIMATION,no directional edge
LIGHTCMDUSD,168,202,0.5247524752475248,0.47029702970297027,0.0049504950495049506,-0.1350475810045331,0.24699196835713189,4.810113038694317,-2.8175226215671194,0.24699196835713189,2.670892533556312,0.5247524752475248,0.47029702970297027,0.5247524752475248,-0.3990315284015473,0.45606660820358375,0.5925144366386639,UNVERIFIED_PYTHON_APPROXIMATION,usable
LIGHTCMDUSD,336,202,0.504950495049505,0.49504950495049505,0.0,-0.25196195999771903,0.11477588935233929,5.692825956312144,-3.8485055347240014,0.11477588935233929,3.0859409613087143,0.504950495049505,0.49504950495049505,0.504950495049505,-0.6290465085639717,0.43655528826388157,0.5731609207045679,UNVERIFIED_PYTHON_APPROXIMATION,borderline
USDJPY,24,148,0.44594594594594594,0.5472972972972973,0.006756756756756757,-0.09185094838852277,-0.07077140186492248,0.6134716072627221,-0.4430101323650734,-0.07077140186492248,0.2961049404206645,0.44594594594594594,0.5472972972972973,0.44594594594594594,-1.8214616638021288,0.36823785676382303,0.52638917561729,UNVERIFIED_PYTHON_APPROXIMATION,no directional edge
USDJPY,168,147,0.6394557823129252,0.36054421768707484,0.0,0.2126308805912301,0.3764316587361756,1.2763571278927643,-0.6699342089767888,0.3764316587361756,1.0565483786638645,0.6394557823129252,0.36054421768707484,0.6394557823129252,2.019820599389051,0.5591952051688388,0.7126131023537544,UNVERIFIED_PYTHON_APPROXIMATION,strong directional edge
USDJPY,336,146,0.6301369863013698,0.3698630136986301,0.0,0.3625697798216102,0.6784099062660434,1.973881172646762,-0.8732659441004493,0.6784099062660434,1.6197994909349247,0.6301369863013698,0.3698630136986301,0.6301369863013698,2.219458485611978,0.5494288981700316,0.7041722379630583,UNVERIFIED_PYTHON_APPROXIMATION,strong directional edge
XAGUSD,24,178,0.5168539325842697,0.48314606741573035,0.0,-0.035689341913262826,0.07270171868706177,1.8060889311460215,-0.9305921250405815,0.07270171868706177,1.0874002085690706,0.5168539325842697,0.48314606741573035,0.5168539325842697,-0.26363885092544176,0.44386423584276075,0.5891315143046204,UNVERIFIED_PYTHON_APPROXIMATION,borderline
XAGUSD,168,178,0.5730337078651685,0.42696629213483145,0.0,0.45702822032841744,0.8257501113077019,3.681491798546298,-1.989873443035325,0.8257501113077019,2.923833616022264,0.5730337078651685,0.42696629213483145,0.5730337078651685,1.6562625471160828,0.49957962830407576,0.6434019556679086,UNVERIFIED_PYTHON_APPROXIMATION,strong directional edge
XAGUSD,336,178,0.5168539325842697,0.48314606741573035,0.0,0.8010767933439568,0.44419224468916774,5.538232246984299,-2.7482409915242973,0.44419224468916774,4.64954285730489,0.5168539325842697,0.48314606741573035,0.5168539325842697,1.9298030472056016,0.44386423584276075,0.5891315143046204,UNVERIFIED_PYTHON_APPROXIMATION,borderline
XAUUSD,24,147,0.5850340136054422,0.41496598639455784,0.0,0.13418828998283566,0.11639197800623138,0.9572527175125539,-0.3038973601750674,0.11639197800623138,0.6851645635750464,0.5850340136054422,0.41496598639455784,0.5850340136054422,1.6995998260992806,0.504207838271765,0.661528934607865,UNVERIFIED_PYTHON_APPROXIMATION,strong directional edge
XAUUSD,168,146,0.589041095890411,0.410958904109589,0.0,0.39008964424439624,0.39393663172075355,1.9810695916447232,-0.8607017108551794,0.39393663172075355,1.5224360120512932,0.589041095890411,0.410958904109589,0.589041095890411,2.379255693544301,0.5079459611651762,0.6655706056627275,UNVERIFIED_PYTHON_APPROXIMATION,strong directional edge
XAUUSD,336,146,0.589041095890411,0.410958904109589,0.0,0.7689940844072898,0.42621157832175705,2.747448880926975,-1.120316952823942,0.42621157832175705,2.4641248200760426,0.589041095890411,0.410958904109589,0.589041095890411,3.3819704307584955,0.5079459611651762,0.6655706056627275,UNVERIFIED_PYTHON_APPROXIMATION,strong directional edge
