symbol,year,analysis_session_scope,horizon_h,n_signals,win_rate,loss_rate,flat_rate,mean_forward_return_pct,median_forward_return_pct,std_forward_return_pct,p25_forward_return_pct,p50_forward_return_pct,p75_forward_return_pct,pct_positive_return,pct_negative_return,favorable_move_rate,t_stat_mean_return,win_rate_ci95_low,win_rate_ci95_high,truth_label_block,win_rate_band
BRENTCMDUSD,2022,all_sessions,24,75,0.4533333333333333,0.5466666666666666,0.0,-0.4113427610107477,-0.402900886381943,2.316996929960939,-2.076396662342904,-0.402900886381943,0.8377636753389138,0.4533333333333333,0.5466666666666666,0.4533333333333333,-1.5374784320674268,0.3456961212759212,0.5655182630085175,UNVERIFIED_PYTHON_APPROXIMATION,no directional edge
BRENTCMDUSD,2022,all_sessions,168,75,0.5066666666666667,0.49333333333333335,0.0,0.7588548179964122,0.3060889458466229,7.096595425010384,-4.130380703067896,0.3060889458466229,5.37632552364842,0.5066666666666667,0.49333333333333335,0.5066666666666667,0.9260603300746119,0.39598184412213266,0.6167018152658047,UNVERIFIED_PYTHON_APPROXIMATION,borderline
BRENTCMDUSD,2022,all_sessions,336,75,0.56,0.44,0.0,0.7419031022455774,1.2147357665890863,7.811832322271458,-4.505143155442823,1.2147357665890863,6.272108612143424,0.56,0.44,0.56,0.8224791664554459,0.44746569425928456,0.6666872402321515,UNVERIFIED_PYTHON_APPROXIMATION,strong directional edge
BRENTCMDUSD,2022,london_only,24,7,0.5714285714285714,0.42857142857142855,0.0,1.3628329187776302,0.8417424566926065,2.189836974784581,-0.29685260418620846,0.8417424566926065,2.618054033940905,0.5714285714285714,0.42857142857142855,0.5714285714285714,1.6465686821150693,0.2504542304090258,0.8417830777373732,UNVERIFIED_PYTHON_APPROXIMATION,strong directional edge
BRENTCMDUSD,2022,london_only,168,7,0.5714285714285714,0.42857142857142855,0.0,1.0377945007407186,0.891372823519117,3.5342227499377254,-1.3078017400489912,0.891372823519117,3.331565314231268,0.5714285714285714,0.42857142857142855,0.5714285714285714,0.7769024069008552,0.2504542304090258,0.8417830777373732,UNVERIFIED_PYTHON_APPROXIMATION,strong directional edge
BRENTCMDUSD,2022,london_only,336,7,0.42857142857142855,0.5714285714285714,0.0,-0.53879021821536,-3.9408604063623107,5.724141037158909,-5.1742177215176195,-3.9408604063623107,4.793141983125707,0.42857142857142855,0.5714285714285714,0.42857142857142855,-0.249033858002142,0.15821692226262685,0.7495457695909742,UNVERIFIED_PYTHON_APPROXIMATION,no directional edge
BRENTCMDUSD,2022,london_or_newyork,24,22,0.5,0.5,0.0,0.1284707145392228,-0.02626940483178164,2.002077123941249,-0.7866992688679293,-0.02626940483178164,0.8397530660157602,0.5,0.5,0.5,0.30097794782466647,0.3072180469247956,0.6927819530752044,UNVERIFIED_PYTHON_APPROXIMATION,borderline
BRENTCMDUSD,2022,london_or_newyork,168,22,0.6363636363636364,0.36363636363636365,0.0,1.75298467442757,1.3020532622260843,8.30247347032387,-2.0287279286421596,1.3020532622260843,4.588383633128204,0.6363636363636364,0.36363636363636365,0.6363636363636364,0.9903346241398202,0.4295134934371804,0.802670272273921,UNVERIFIED_PYTHON_APPROXIMATION,strong directional edge
BRENTCMDUSD,2022,london_or_newyork,336,22,0.5454545454545454,0.45454545454545453,0.0,-0.3382443030502206,1.0801463847409787,8.279244599674259,-5.757703395997805,1.0801463847409787,5.5123199566185,0.5454545454545454,0.45454545454545453,0.5454545454545454,-0.19162453658630485,0.34659473289041554,0.7307998556799515,UNVERIFIED_PYTHON_APPROXIMATION,usable
BRENTCMDUSD,2023,all_sessions,24,89,0.5168539325842697,0.48314606741573035,0.0,-0.2353870672461155,0.07744152559805113,2.080382806797479,-1.2261580381471444,0.07744152559805113,1.2107538566939902,0.5168539325842697,0.48314606741573035,0.5168539325842697,-1.0674175655914113,0.4145040372503965,0.6178090637732825,UNVERIFIED_PYTHON_APPROXIMATION,borderline
BRENTCMDUSD,2023,all_sessions,168,89,0.5168539325842697,0.48314606741573035,0.0,-0.36170512092814755,0.28822596915982956,4.635569554792995,-3.496545946799088,0.28822596915982956,3.5097061528779623,0.5168539325842697,0.48314606741573035,0.5168539325842697,-0.7361165107912561,0.4145040372503965,0.6178090637732825,UNVERIFIED_PYTHON_APPROXIMATION,borderline
BRENTCMDUSD,2023,all_sessions,336,89,0.550561797752809,0.449438202247191,0.0,0.39233142022752493,0.40294450191247855,5.76299146587089,-3.4088389408208832,0.40294450191247855,4.762323059933733,0.550561797752809,0.449438202247191,0.550561797752809,0.6422440910868357,0.4472614742822269,0.6496778287888101,UNVERIFIED_PYTHON_APPROXIMATION,strong directional edge
BRENTCMDUSD,2023,london_only,24,13,0.5384615384615384,0.46153846153846156,0.0,0.21212441310149394,0.3305653990585574,1.159803678432394,-0.48744666573819934,0.3305653990585574,0.668537471112586,0.5384615384615384,0.46153846153846156,0.5384615384615384,0.6594438890286068,0.2914343243183205,0.7679424569851186,UNVERIFIED_PYTHON_APPROXIMATION,usable
BRENTCMDUSD,2023,london_only,168,13,0.38461538461538464,0.6153846153846154,0.0,-0.6523860775347502,-2.2079846888165395,4.3383374264089065,-2.7283874923359828,-2.2079846888165395,2.321764541051195,0.38461538461538464,0.6153846153846154,0.38461538461538464,-0.5421919096545308,0.17709446581236815,0.6447751902773147,UNVERIFIED_PYTHON_APPROXIMATION,no directional edge
BRENTCMDUSD,2023,london_only,336,13,0.46153846153846156,0.5384615384615384,0.0,0.3469993600847587,-1.0146350071134722,4.7934886863949595,-2.641200419823988,-1.0146350071134722,2.18832979731262,0.46153846153846156,0.5384615384615384,0.46153846153846156,0.26100488958903184,0.2320575430148814,0.7085656756816796,UNVERIFIED_PYTHON_APPROXIMATION,no directional edge
BRENTCMDUSD,2023,london_or_newyork,24,18,0.6111111111111112,0.3888888888888889,0.0,0.38536830255955606,0.3805406552274181,1.6113524488306483,-0.42072820621199053,0.3805406552274181,0.8763110965257598,0.6111111111111112,0.3888888888888889,0.6111111111111112,1.014662708429658,0.3861866858065616,0.7969500807306884,UNVERIFIED_PYTHON_APPROXIMATION,strong directional edge
BRENTCMDUSD,2023,london_or_newyork,168,18,0.3333333333333333,0.6666666666666666,0.0,-1.464863291718063,-2.416400668826787,5.5526163971970215,-3.1543187126963863,-2.416400668826787,2.271880871277369,0.3333333333333333,0.6666666666666666,0.3333333333333333,-1.1192720976813446,0.16278554363662856,0.5625093065574964,UNVERIFIED_PYTHON_APPROXIMATION,no directional edge
BRENTCMDUSD,2023,london_or_newyork,336,18,0.3888888888888889,0.6111111111111112,0.0,-1.3861005832625726,-1.733316462385375,6.601087584079033,-4.719831486073447,-1.733316462385375,2.049647715987108,0.3888888888888889,0.6111111111111112,0.3888888888888889,-0.8908723988412323,0.2030499192693116,0.6138133141934384,UNVERIFIED_PYTHON_APPROXIMATION,no directional edge
BRENTCMDUSD,2024,all_sessions,24,67,0.3582089552238806,0.6119402985074627,0.029850746268656716,-0.33993083366208104,-0.5794462149745433,1.4850115242088027,-1.4110521422086573,-0.5794462149745433,0.5624402817606979,0.3582089552238806,0.6119402985074627,0.3582089552238806,-1.873691716327446,0.2539788838135447,0.47781712305247737,UNVERIFIED_PYTHON_APPROXIMATION,no directional edge
BRENTCMDUSD,2024,all_sessions,168,67,0.6268656716417911,0.373134328358209,0.0,0.2063818434743279,0.4762351931100093,2.9009829274786236,-1.7130035465976234,0.4762351931100093,2.2900245110545177,0.6268656716417911,0.373134328358209,0.6268656716417911,0.5823226943341547,0.5071518645751268,0.7328201292815902,UNVERIFIED_PYTHON_APPROXIMATION,strong directional edge
BRENTCMDUSD,2024,all_sessions,336,67,0.5970149253731343,0.40298507462686567,0.0,-0.137330578422593,0.35002394900703965,2.9290082364391408,-1.843715003850558,0.35002394900703965,1.006336358195828,0.5970149253731343,0.40298507462686567,0.5970149253731343,-0.38378151920829373,0.4774111146058888,0.7060968806963064,UNVERIFIED_PYTHON_APPROXIMATION,strong directional edge
BRENTCMDUSD,2024,london_only,24,14,0.14285714285714285,0.8571428571428571,0.0,-0.8497107317260815,-0.7748086449326359,1.0124016544082157,-1.534021393394403,-0.7748086449326359,-0.2916674763140049,0.14285714285714285,0.8571428571428571,0.14285714285714285,-3.1403805220393597,0.040093073737921175,0.39941907763863693,UNVERIFIED_PYTHON_APPROXIMATION,no directional edge
BRENTCMDUSD,2024,london_only,168,14,0.7142857142857143,0.2857142857142857,0.0,0.6108571631430474,1.5573328909218624,3.518917910511669,-1.0122086252609392,1.5573328909218624,2.7518652839654045,0.7142857142857143,0.2857142857142857,0.7142857142857143,0.649523028062231,0.45350458827515605,0.882788120898909,UNVERIFIED_PYTHON_APPROXIMATION,strong directional edge
BRENTCMDUSD,2024,london_only,336,14,0.5,0.5,0.0,-0.7643877042441165,-0.3659053434366209,2.9824717725610173,-3.366233663085227,-0.3659053434366209,0.5051866608453904,0.5,0.5,0.5,-0.9589619342778408,0.2679886791947528,0.7320113208052472,UNVERIFIED_PYTHON_APPROXIMATION,borderline
BRENTCMDUSD,2024,london_or_newyork,24,22,0.22727272727272727,0.7727272727272727,0.0,-0.74347991334806,-0.7748086449326359,1.081738092327083,-1.4908943742419638,-0.7748086449326359,-0.06831440135702657,0.22727272727272727,0.7727272727272727,0.22727272727272727,-3.223728486049719,0.1012289079482036,0.4344035606295935,UNVERIFIED_PYTHON_APPROXIMATION,no directional edge
BRENTCMDUSD,2024,london_or_newyork,168,22,0.5909090909090909,0.4090909090909091,0.0,-0.02585313332291922,0.7022318259534894,3.4525283969734604,-2.9984602628391466,0.7022318259534894,2.7518652839654045,0.5909090909090909,0.4090909090909091,0.5909090909090909,-0.03512264926913756,0.3873447738289381,0.7674444033117962,UNVERIFIED_PYTHON_APPROXIMATION,strong directional edge
BRENTCMDUSD,2024,london_or_newyork,336,22,0.5,0.5,0.0,-0.5736043774478982,-0.3659053434366209,3.0539048422824755,-3.0919310451276067,-0.3659053434366209,0.777699368850153,0.5,0.5,0.5,-0.8809845593861081,0.3072180469247956,0.6927819530752044,UNVERIFIED_PYTHON_APPROXIMATION,borderline
BRENTCMDUSD,2025,all_sessions,24,66,0.4696969696969697,0.5303030303030303,0.0,-0.02204533504889185,-0.12098062776275234,1.8494981747922568,-0.855358429124528,-0.12098062776275234,0.9332773141223201,0.4696969696969697,0.5303030303030303,0.4696969696969697,-0.0968355368073729,0.354302309719119,0.5884252337506756,UNVERIFIED_PYTHON_APPROXIMATION,no directional edge
BRENTCMDUSD,2025,all_sessions,168,66,0.45454545454545453,0.5454545454545454,0.0,-0.3784584724237179,-0.31639487536127875,5.652627356358779,-1.6668765569596273,-0.31639487536127875,1.4986969225461906,0.45454545454545453,0.5454545454545454,0.45454545454545453,-0.5439260313297388,0.340239312591756,0.5738520026129358,UNVERIFIED_PYTHON_APPROXIMATION,no directional edge
BRENTCMDUSD,2025,all_sessions,336,65,0.5538461538461539,0.4461538461538462,0.0,-0.20818731810608324,0.2550823220220962,4.859634711692171,-3.379270815161865,0.2550823220220962,2.895454210565101,0.5538461538461539,0.4461538461538462,0.5538461538461539,-0.34538806269943056,0.4333760431730088,0.6683066603086071,UNVERIFIED_PYTHON_APPROXIMATION,strong directional edge
BRENTCMDUSD,2025,london_only,24,15,0.6666666666666666,0.3333333333333333,0.0,0.41992775309391595,0.6592471822499372,1.1287424255911729,-0.2254412031282112,0.6592471822499372,1.084147289137711,0.6666666666666666,0.3333333333333333,0.6666666666666666,1.4408718565630527,0.4171312515121297,0.8482389930530876,UNVERIFIED_PYTHON_APPROXIMATION,strong directional edge
BRENTCMDUSD,2025,london_only,168,15,0.4666666666666667,0.5333333333333333,0.0,0.23785727929979808,-0.30689172059509895,3.439361135784339,-1.1928026056845116,-0.30689172059509895,2.5262091090560004,0.4666666666666667,0.5333333333333333,0.4666666666666667,0.2678454646468064,0.24809225259746442,0.6988336984894921,UNVERIFIED_PYTHON_APPROXIMATION,no directional edge
BRENTCMDUSD,2025,london_only,336,14,0.6428571428571429,0.35714285714285715,0.0,0.6233821910527347,0.6248231935554309,3.7673925866157356,-1.0526423188127998,0.6248231935554309,3.2906785931802,0.6428571428571429,0.35714285714285715,0.6428571428571429,0.6191238439610214,0.3876400468214041,0.8365550926279728,UNVERIFIED_PYTHON_APPROXIMATION,strong directional edge
BRENTCMDUSD,2025,london_or_newyork,24,24,0.5416666666666666,0.4583333333333333,0.0,-0.04275152731743511,0.1249223099981153,1.7107921615038795,-0.6404927305385621,0.1249223099981153,0.9282992908062337,0.5416666666666666,0.4583333333333333,0.5416666666666666,-0.12242215040349268,0.3507455355310663,0.7210894164831858,UNVERIFIED_PYTHON_APPROXIMATION,usable
BRENTCMDUSD,2025,london_or_newyork,168,24,0.4583333333333333,0.5416666666666666,0.0,-0.6079798199826302,-0.235786574982974,5.10114856337804,-1.3342226217307676,-0.235786574982974,1.8929718573349492,0.4583333333333333,0.5416666666666666,0.4583333333333333,-0.5838843210950999,0.27891058351681425,0.6492544644689338,UNVERIFIED_PYTHON_APPROXIMATION,no directional edge
BRENTCMDUSD,2025,london_or_newyork,336,23,0.4782608695652174,0.5217391304347826,0.0,-0.730682357234295,-0.8263154562147792,4.047968032868928,-2.388493331689224,-0.8263154562147792,1.3254806670743673,0.4782608695652174,0.5217391304347826,0.4782608695652174,-0.8656761747866656,0.2923686953994572,0.6703757013578151,UNVERIFIED_PYTHON_APPROXIMATION,no directional edge
EURJPY,2022,all_sessions,24,41,0.5365853658536586,0.4634146341463415,0.0,-0.03702397015210489,0.05366713828697156,0.7327430904566402,-0.5309869295525005,0.05366713828697156,0.5094116473588989,0.5365853658536586,0.4634146341463415,0.5365853658536586,-0.32353642597870613,0.38746215345974366,0.6794400088181413,UNVERIFIED_PYTHON_APPROXIMATION,usable
EURJPY,2022,all_sessions,168,41,0.5121951219512195,0.4878048780487805,0.0,-0.19114678950507516,0.07716736414092944,1.84197028883054,-1.6000225355286632,0.07716736414092944,1.137562599378819,0.5121951219512195,0.4878048780487805,0.5121951219512195,-0.6644714348592964,0.36484259315865186,0.657458127600643,UNVERIFIED_PYTHON_APPROXIMATION,borderline
EURJPY,2022,all_sessions,336,41,0.5365853658536586,0.4634146341463415,0.0,0.4601119706018388,0.2456602603843826,2.058271329761606,-1.2693747594555775,0.2456602603843826,2.4838395146437415,0.5365853658536586,0.4634146341463415,0.5365853658536586,1.4313730499442243,0.38746215345974366,0.6794400088181413,UNVERIFIED_PYTHON_APPROXIMATION,usable
EURJPY,2022,london_only,24,6,0.3333333333333333,0.6666666666666666,0.0,-0.17970690025125857,-0.16370906367931193,0.8250384178749136,-0.7790097049935392,-0.16370906367931193,0.361562794788059,0.3333333333333333,0.6666666666666666,0.3333333333333333,-0.533539044165524,0.09676933255921683,0.7000116786584712,UNVERIFIED_PYTHON_APPROXIMATION,no directional edge
EURJPY,2022,london_only,168,6,0.3333333333333333,0.6666666666666666,0.0,0.1336202953793692,-0.5010151607778811,1.6071588048638128,-0.856414195303301,-0.5010151607778811,0.3848818638710058,0.3333333333333333,0.6666666666666666,0.3333333333333333,0.20365227255010318,0.09676933255921683,0.7000116786584712,UNVERIFIED_PYTHON_APPROXIMATION,no directional edge
EURJPY,2022,london_only,336,6,0.5,0.5,0.0,0.6910122686018867,0.1490111144777316,2.787636640229847,-1.431214647307387,0.14901111447773163,2.1346434057283905,0.5,0.5,0.5,0.6071908510780999,0.18761280689940874,0.8123871931005913,UNVERIFIED_PYTHON_APPROXIMATION,borderline
EURJPY,2022,london_or_newyork,24,14,0.5714285714285714,0.42857142857142855,0.0,0.09180946527717603,0.12395771744617429,0.8086342717626758,-0.16456077324868834,0.12395771744617429,0.5646449665625263,0.5714285714285714,0.42857142857142855,0.5714285714285714,0.424814500109303,0.3259026690286936,0.7861949006959948,UNVERIFIED_PYTHON_APPROXIMATION,strong directional edge
EURJPY,2022,london_or_newyork,168,14,0.2857142857142857,0.7142857142857143,0.0,-0.6214523996213971,-0.6343165666171915,1.680987069586116,-1.9531429259335287,-0.6343165666171915,0.3848818638710058,0.2857142857142857,0.7142857142857143,0.2857142857142857,-1.3832717714743077,0.11721187910109096,0.5464954117248438,UNVERIFIED_PYTHON_APPROXIMATION,no directional edge
EURJPY,2022,london_or_newyork,336,14,0.2857142857142857,0.7142857142857143,0.0,-0.16773070961230221,-0.8712643604008914,2.2230967792923093,-1.8968712434780841,-0.8712643604008914,0.5026275176045384,0.2857142857142857,0.7142857142857143,0.2857142857142857,-0.2823047806355466,0.11721187910109096,0.5464954117248438,UNVERIFIED_PYTHON_APPROXIMATION,no directional edge
EURJPY,2023,all_sessions,24,39,0.3076923076923077,0.6923076923076923,0.0,-0.2209597007525779,-0.28857621316328524,0.6092394966253989,-0.536818886140709,-0.28857621316328524,0.0724199470672445,0.3076923076923077,0.6923076923076923,0.3076923076923077,-2.2649432555995435,0.1856575344598306,0.464215486155646,UNVERIFIED_PYTHON_APPROXIMATION,no directional edge
EURJPY,2023,all_sessions,168,39,0.5641025641025641,0.4358974358974359,0.0,0.013417883440352099,0.17310875525960054,1.3921647518840579,-0.6260580251762565,0.17310875525960054,0.8376006294007239,0.5641025641025641,0.4358974358974359,0.5641025641025641,0.060190185906043144,0.40975423474522105,0.7069547583829534,UNVERIFIED_PYTHON_APPROXIMATION,strong directional edge
EURJPY,2023,all_sessions,336,39,0.5897435897435898,0.41025641025641024,0.0,0.014902984346880766,0.12625160332821833,1.6553509813838991,-0.3755459684916175,0.12625160332821833,0.827362133509628,0.5897435897435898,0.41025641025641024,0.5897435897435898,0.056223186782192756,0.43418348473344903,0.7292091056459952,UNVERIFIED_PYTHON_APPROXIMATION,strong directional edge
EURJPY,2023,london_only,24,5,0.2,0.8,0.0,-0.3602585963677941,-0.44562461599305103,0.4067102910255842,-0.591931576289507,-0.44562461599305103,-0.3118464755812554,0.2,0.8,0.2,-1.980679438736829,0.03622316096978745,0.6244717358814613,UNVERIFIED_PYTHON_APPROXIMATION,no directional edge
EURJPY,2023,london_only,168,5,0.4,0.6,0.0,-0.6995407979331605,-1.2733560474823848,1.5173434497694551,-1.560013162401184,-1.2733560474823848,0.40890119280503945,0.4,0.6,0.4,-1.030894341983457,0.1176182311592533,0.769280067791163,UNVERIFIED_PYTHON_APPROXIMATION,no directional edge
EURJPY,2023,london_only,336,5,0.4,0.6,0.0,-0.5797642983891403,-0.08565748512181551,1.650751867133957,-0.1101702695640347,-0.08565748512181551,0.12625160332821833,0.4,0.6,0.4,-0.785334493897252,0.1176182311592533,0.769280067791163,UNVERIFIED_PYTHON_APPROXIMATION,no directional edge
EURJPY,2023,london_or_newyork,24,11,0.2727272727272727,0.7272727272727273,0.0,-0.37108973172624427,-0.35524893167893257,0.490842316498053,-0.6314429744325221,-0.35524893167893257,-0.07511002944534083,0.2727272727272727,0.7272727272727273,0.2727272727272727,-2.50745578024033,0.09745880573921467,0.5656502930102463,UNVERIFIED_PYTHON_APPROXIMATION,no directional edge
EURJPY,2023,london_or_newyork,168,11,0.6363636363636364,0.36363636363636365,0.0,-0.25624133334981897,0.2926180146784336,1.229426830348279,-1.4166846049417843,0.2926180146784336,0.43331073487751287,0.6363636363636364,0.36363636363636365,0.6363636363636364,-0.6912622512565302,0.3537967768916373,0.8483377638586862,UNVERIFIED_PYTHON_APPROXIMATION,strong directional edge
EURJPY,2023,london_or_newyork,336,11,0.5454545454545454,0.45454545454545453,0.0,-0.1711708864194158,0.08592259385147753,1.4092501014185834,-0.27339950747869934,0.08592259385147753,0.4873042660687563,0.5454545454545454,0.45454545454545453,0.5454545454545454,-0.4028451761076855,0.2800877556899882,0.7872904245601194,UNVERIFIED_PYTHON_APPROXIMATION,usable
EURJPY,2024,all_sessions,24,29,0.4482758620689655,0.5517241379310345,0.0,-0.12248932121464019,-0.07836798667743364,0.5586492699896316,-0.33561817406407424,-0.07836798667743364,0.2653405822648594,0.4482758620689655,0.5517241379310345,0.4482758620689655,-1.1807501008049588,0.2841291114874579,0.6245233293193238,UNVERIFIED_PYTHON_APPROXIMATION,no directional edge
EURJPY,2024,all_sessions,168,29,0.5172413793103449,0.4827586206896552,0.0,0.008046589892393048,0.155116398368236,1.1782973844033782,-0.7603255028404727,0.155116398368236,1.0032201349810088,0.5172413793103449,0.4827586206896552,0.5172413793103449,0.03677527700521901,0.3443073797056916,0.6861418066920478,UNVERIFIED_PYTHON_APPROXIMATION,borderline
EURJPY,2024,all_sessions,336,29,0.5517241379310345,0.4482758620689655,0.0,-0.19034493199996116,0.2571023768229357,2.1028285796300388,-0.880595642981899,0.2571023768229357,1.045561897264311,0.5517241379310345,0.4482758620689655,0.5517241379310345,-0.48745715126381883,0.37547667068067625,0.715870888512542,UNVERIFIED_PYTHON_APPROXIMATION,strong directional edge
EURJPY,2024,london_only,24,7,0.2857142857142857,0.7142857142857143,0.0,-0.0628122284199354,-0.16574890881967244,0.68059088125973,-0.3906040797199231,-0.16574890881967244,0.18985094458531016,0.2857142857142857,0.7142857142857143,0.2857142857142857,-0.2441783166200139,0.0822171657090155,0.6410709098517873,UNVERIFIED_PYTHON_APPROXIMATION,no directional edge
EURJPY,2024,london_only,168,7,0.5714285714285714,0.42857142857142855,0.0,-0.29170577183546714,0.19644315119371236,1.122975478817591,-1.121361215699677,0.19644315119371236,0.5907967469383344,0.5714285714285714,0.42857142857142855,0.5714285714285714,-0.6872642749879303,0.2504542304090258,0.8417830777373732,UNVERIFIED_PYTHON_APPROXIMATION,strong directional edge
EURJPY,2024,london_only,336,7,0.2857142857142857,0.7142857142857143,0.0,-0.33957910627519994,-0.13926877619131792,1.7164637508076004,-0.5657811148917725,-0.13926877619131792,0.43554071784431625,0.2857142857142857,0.7142857142857143,0.2857142857142857,-0.523426064322671,0.0822171657090155,0.6410709098517873,UNVERIFIED_PYTHON_APPROXIMATION,no directional edge
EURJPY,2024,london_or_newyork,24,12,0.3333333333333333,0.6666666666666666,0.0,-0.1476797101596076,-0.12205844774855304,0.6144653808944858,-0.5064364949020533,-0.12205844774855304,0.1532325784125061,0.3333333333333333,0.6666666666666666,0.3333333333333333,-0.8325571112602985,0.13811783989736132,0.6093824126023861,UNVERIFIED_PYTHON_APPROXIMATION,no directional edge
EURJPY,2024,london_or_newyork,168,12,0.4166666666666667,0.5833333333333334,0.0,-0.388495082364457,-0.5170772883316809,1.0669867490142266,-1.0577935254052448,-0.5170772883316809,0.5446253084393915,0.4166666666666667,0.5833333333333334,0.4166666666666667,-1.2612963033844073,0.19325746190524654,0.6804926643446272,UNVERIFIED_PYTHON_APPROXIMATION,no directional edge
EURJPY,2024,london_or_newyork,336,12,0.3333333333333333,0.6666666666666666,0.0,-0.44863484201729076,-0.27270818696029403,1.5592042702507956,-0.7642098847861809,-0.272708186960294,0.4763578329958574,0.3333333333333333,0.6666666666666666,0.3333333333333333,-0.9967370603655357,0.13811783989736132,0.6093824126023861,UNVERIFIED_PYTHON_APPROXIMATION,no directional edge
EURJPY,2025,all_sessions,24,43,0.4186046511627907,0.5813953488372093,0.0,0.0005073343413168251,-0.051128081282767704,0.46325637112739737,-0.2542827763332328,-0.051128081282767704,0.31281297538791386,0.4186046511627907,0.5813953488372093,0.4186046511627907,0.007181366435082317,0.2838433433748524,0.5667168424428823,UNVERIFIED_PYTHON_APPROXIMATION,no directional edge
EURJPY,2025,all_sessions,168,40,0.625,0.375,0.0,0.30928329309241587,0.4892902078685166,0.8214150272884899,-0.2331885085497956,0.4892902078685166,0.9409703584531995,0.625,0.375,0.625,2.3813531915479746,0.47032160054531913,0.7577722646420829,UNVERIFIED_PYTHON_APPROXIMATION,strong directional edge
EURJPY,2025,all_sessions,336,39,0.7435897435897436,0.2564102564102564,0.0,0.4239351181450022,0.39946040864742344,1.120692573336304,-0.012768860240134763,0.39946040864742344,1.0891197602145244,0.7435897435897436,0.2564102564102564,0.7435897435897436,2.362355232162191,0.589180432321585,0.854313741565478,UNVERIFIED_PYTHON_APPROXIMATION,strong directional edge
EURJPY,2025,london_only,24,8,0.625,0.375,0.0,0.12027709836602102,0.15831571175499765,0.2373241279960442,-0.05002024551466395,0.15831571175499765,0.3115616739112114,0.625,0.375,0.625,1.4334615294989728,0.30573785458380187,0.863158240538479,UNVERIFIED_PYTHON_APPROXIMATION,strong directional edge
EURJPY,2025,london_only,168,6,0.5,0.5,0.0,0.2500256118025367,0.21375729017634582,0.6081801319008928,-0.18275758482987267,0.21375729017634582,0.5851477157137858,0.5,0.5,0.5,1.0069963476597141,0.18761280689940874,0.8123871931005913,UNVERIFIED_PYTHON_APPROXIMATION,borderline
EURJPY,2025,london_only,336,6,1.0,0.0,0.0,1.0249497307264261,0.8741604712258798,0.7846695846350082,0.44361219852199074,0.8741604712258798,1.6939551587145703,1.0,0.0,1.0,3.199568202265132,0.6096569663469354,0.9999999999999999,UNVERIFIED_PYTHON_APPROXIMATION,strong directional edge
EURJPY,2025,london_or_newyork,24,17,0.47058823529411764,0.5294117647058824,0.0,-0.019025360810400214,-0.0022090172082389037,0.34754308193138495,-0.21743266382192572,-0.0022090172082389037,0.2750656688308574,0.47058823529411764,0.5294117647058824,0.47058823529411764,-0.22570891571438018,0.26164801196088106,0.6903710268845051,UNVERIFIED_PYTHON_APPROXIMATION,no directional edge
EURJPY,2025,london_or_newyork,168,15,0.6,0.4,0.0,0.19566166558299436,0.14529989149278744,0.739526272544134,-0.18815550912770393,0.14529989149278744,0.7499684646859881,0.6,0.4,0.6,1.0247024350969463,0.357464427565077,0.8017577191740534,UNVERIFIED_PYTHON_APPROXIMATION,strong directional edge
EURJPY,2025,london_or_newyork,336,15,0.7333333333333333,0.26666666666666666,0.0,0.6354348594641304,0.4627146759126393,0.9207722357569503,0.045181116854798656,0.4627146759126393,1.1346900369699755,0.7333333333333333,0.26666666666666666,0.7333333333333333,2.6727876153662042,0.4804911034231324,0.8910272389681718,UNVERIFIED_PYTHON_APPROXIMATION,strong directional edge
GBPJPY,2022,all_sessions,24,31,0.41935483870967744,0.5806451612903226,0.0,-0.10754514954731646,-0.06238932197302635,0.8186444419965642,-0.41612309967957173,-0.06238932197302635,0.4985858799206248,0.41935483870967744,0.5806451612903226,0.41935483870967744,-0.7314360427152169,0.26415303073549257,0.5923403564797902,UNVERIFIED_PYTHON_APPROXIMATION,no directional edge
GBPJPY,2022,all_sessions,168,31,0.41935483870967744,0.5806451612903226,0.0,-0.5103852429370502,-0.27159520612906163,1.613878469700161,-1.3402568354782747,-0.27159520612906163,0.539637703089902,0.41935483870967744,0.5806451612903226,0.41935483870967744,-1.7607922903062247,0.26415303073549257,0.5923403564797902,UNVERIFIED_PYTHON_APPROXIMATION,no directional edge
GBPJPY,2022,all_sessions,336,31,0.45161290322580644,0.5483870967741935,0.0,-0.178116564741262,-0.13974707659143293,2.1980840270850828,-1.3196181963942513,-0.13974707659143293,1.0698211327542548,0.45161290322580644,0.5483870967741935,0.45161290322580644,-0.4511706783617504,0.29161482836586106,0.6222812039633085,UNVERIFIED_PYTHON_APPROXIMATION,no directional edge
GBPJPY,2022,london_only,24,5,0.4,0.6,0.0,-0.17958448077920672,-0.11267848456673751,1.6142965334773258,-0.6679764243615041,-0.11267848456673751,0.7081439552927984,0.4,0.6,0.4,-0.2487542396323624,0.1176182311592533,0.769280067791163,UNVERIFIED_PYTHON_APPROXIMATION,no directional edge
GBPJPY,2022,london_only,168,5,0.4,0.6,0.0,0.14755927402734276,-0.005996138486809037,0.7405413138192177,-0.4808846800362086,-0.005996138486809037,0.7429348647423213,0.4,0.6,0.4,0.44555592142993683,0.1176182311592533,0.769280067791163,UNVERIFIED_PYTHON_APPROXIMATION,no directional edge
GBPJPY,2022,london_only,336,5,0.4,0.6,0.0,0.24586289635673203,-0.08928076645997564,1.3150603522566822,-0.6781632628587191,-0.08928076645997564,1.530165489697037,0.4,0.6,0.4,0.41805393072281694,0.1176182311592533,0.769280067791163,UNVERIFIED_PYTHON_APPROXIMATION,no directional edge
GBPJPY,2022,london_or_newyork,24,13,0.5384615384615384,0.46153846153846156,0.0,0.041503628362855344,0.027146417906753734,1.0410201358255282,-0.3289654372677044,0.027146417906753734,0.7081439552927984,0.5384615384615384,0.46153846153846156,0.5384615384615384,0.14374694113040312,0.2914343243183205,0.7679424569851186,UNVERIFIED_PYTHON_APPROXIMATION,usable
GBPJPY,2022,london_or_newyork,168,13,0.46153846153846156,0.5384615384615384,0.0,-0.32356856176575993,-0.005996138486809037,1.5656227990139144,-0.7867095522042001,-0.005996138486809037,0.6952578877763168,0.46153846153846156,0.5384615384615384,0.46153846153846156,-0.745162271084311,0.2320575430148814,0.7085656756816796,UNVERIFIED_PYTHON_APPROXIMATION,no directional edge
GBPJPY,2022,london_or_newyork,336,13,0.38461538461538464,0.6153846153846154,0.0,-0.07173783631573324,-0.39549091530512986,1.7742289695674378,-1.093368328049473,-0.39549091530512986,1.530165489697037,0.38461538461538464,0.6153846153846154,0.38461538461538464,-0.1457841415419339,0.17709446581236815,0.6447751902773147,UNVERIFIED_PYTHON_APPROXIMATION,no directional edge
GBPJPY,2023,all_sessions,24,30,0.6,0.4,0.0,0.09761252604929617,0.08996208331216865,0.6061568206451888,-0.44760132859659263,0.08996208331216865,0.3694155690439742,0.6,0.4,0.6,0.882025584655681,0.4232005249827383,0.754096056739166,UNVERIFIED_PYTHON_APPROXIMATION,strong directional edge
GBPJPY,2023,all_sessions,168,30,0.6666666666666666,0.3333333333333333,0.0,0.35089825560922056,0.38948260646684846,0.9983818208924827,-0.45022427312301644,0.38948260646684846,0.9813189286450401,0.6666666666666666,0.3333333333333333,0.6666666666666666,1.9250639982063693,0.48779725813830266,0.807697044731538,UNVERIFIED_PYTHON_APPROXIMATION,strong directional edge
GBPJPY,2023,all_sessions,336,30,0.6333333333333333,0.36666666666666664,0.0,0.46810530088553864,0.18313417255012224,1.4672128405096434,-0.41823567008372026,0.18313417255012224,1.4753748275017533,0.6333333333333333,0.36666666666666664,0.6333333333333333,1.7474753866909563,0.45513246433604937,0.7812629779598231,UNVERIFIED_PYTHON_APPROXIMATION,strong directional edge
GBPJPY,2023,london_only,24,5,0.6,0.4,0.0,0.15744529479604752,0.04190498995912804,0.7943923907209559,-0.5213389030069633,0.04190498995912804,0.5762840924823454,0.6,0.4,0.6,0.44317944886398436,0.23071993220883708,0.8823817688407467,UNVERIFIED_PYTHON_APPROXIMATION,strong directional edge
GBPJPY,2023,london_only,168,5,0.4,0.6,0.0,-0.19949867575231303,-0.15225486139843356,1.4979869919210695,-1.2019152115349,-0.15225486139843356,0.2366776830113223,0.4,0.6,0.4,-0.29779470903901284,0.1176182311592533,0.769280067791163,UNVERIFIED_PYTHON_APPROXIMATION,no directional edge
GBPJPY,2023,london_only,336,5,0.4,0.6,0.0,-0.13788717671937906,-1.158862230288621,2.5354538481712936,-1.824686160524395,-1.158862230288621,0.013791201213628842,0.4,0.6,0.4,-0.12160548715664407,0.1176182311592533,0.769280067791163,UNVERIFIED_PYTHON_APPROXIMATION,no directional edge
GBPJPY,2023,london_or_newyork,24,12,0.5833333333333334,0.4166666666666667,0.0,0.13602665325543992,0.05968705609775418,0.6725219538795195,-0.3570843369492478,0.05968705609775418,0.6256014277334632,0.5833333333333334,0.4166666666666667,0.5833333333333334,0.7006613635818477,0.3195073356553728,0.8067425380947535,UNVERIFIED_PYTHON_APPROXIMATION,strong directional edge
GBPJPY,2023,london_or_newyork,168,12,0.6666666666666666,0.3333333333333333,0.0,0.14245682460913114,0.16425631104065003,1.0400858420235872,-0.24187388321834272,0.16425631104065003,0.6162213118852097,0.6666666666666666,0.3333333333333333,0.6666666666666666,0.474465564549715,0.3906175873976138,0.8618821601026385,UNVERIFIED_PYTHON_APPROXIMATION,strong directional edge
GBPJPY,2023,london_or_newyork,336,12,0.5,0.5,0.0,-0.11996426283434398,-0.20740622659823757,1.731985791221514,-1.2857874192172436,-0.2074062265982376,0.24182866596225222,0.5,0.5,0.5,-0.23993753225317976,0.2537781703934222,0.7462218296065778,UNVERIFIED_PYTHON_APPROXIMATION,borderline
GBPJPY,2024,all_sessions,24,35,0.6,0.4,0.0,-0.0036118208639398814,0.19223647809702696,0.6412953539988003,-0.34537819727789965,0.19223647809702696,0.3160392981700304,0.6,0.4,0.6,-0.03331978044140344,0.43572419581519467,0.7444949506669274,UNVERIFIED_PYTHON_APPROXIMATION,strong directional edge
GBPJPY,2024,all_sessions,168,35,0.5714285714285714,0.42857142857142855,0.0,-0.39899675997751216,0.2637117297953366,2.0639504738655465,-1.5077108047417103,0.2637117297953366,0.8247870153264276,0.5714285714285714,0.42857142857142855,0.5714285714285714,-1.143678927917425,0.4085712925897337,0.7201566691832108,UNVERIFIED_PYTHON_APPROXIMATION,strong directional edge
GBPJPY,2024,all_sessions,336,35,0.45714285714285713,0.5428571428571428,0.0,-0.7010101317685097,-0.2475038524053755,2.517902592415662,-2.1567821847345217,-0.2475038524053755,1.1770724730156144,0.45714285714285713,0.5428571428571428,0.45714285714285713,-1.6470978189528953,0.3046577363376085,0.6181054865986247,UNVERIFIED_PYTHON_APPROXIMATION,no directional edge
GBPJPY,2024,london_only,24,11,0.45454545454545453,0.5454545454545454,0.0,0.0038612960239966594,-0.04201574324837299,0.6047834705715434,-0.5509899714176705,-0.04201574324837299,0.45605304648388656,0.45454545454545453,0.5454545454545454,0.45454545454545453,0.02117529783673727,0.2127095754398805,0.7199122443100117,UNVERIFIED_PYTHON_APPROXIMATION,no directional edge
GBPJPY,2024,london_only,168,11,0.5454545454545454,0.45454545454545453,0.0,-1.0743964406235624,0.2637117297953366,2.7618294330834985,-1.909745167251995,0.2637117297953366,0.5926594107044687,0.5454545454545454,0.45454545454545453,0.5454545454545454,-1.2902208322341313,0.2800877556899882,0.7872904245601194,UNVERIFIED_PYTHON_APPROXIMATION,usable
GBPJPY,2024,london_only,336,11,0.36363636363636365,0.6363636363636364,0.0,-1.1173594357620105,-0.637256145513585,2.6921638791593683,-2.6125650517677164,-0.637256145513585,0.7265824647677902,0.36363636363636365,0.6363636363636364,0.36363636363636365,-1.3765365597071177,0.15166223614131386,0.6462032231083628,UNVERIFIED_PYTHON_APPROXIMATION,no directional edge
GBPJPY,2024,london_or_newyork,24,16,0.5,0.5,0.0,-0.037465731323273854,-0.012359302307209757,0.6938096737642104,-0.5084830188289794,-0.012359302307209757,0.4141584726675288,0.5,0.5,0.5,-0.21600005154154997,0.27999237611350836,0.7200076238864916,UNVERIFIED_PYTHON_APPROXIMATION,borderline
GBPJPY,2024,london_or_newyork,168,16,0.625,0.375,0.0,-0.7290088800607841,0.17798156792152686,2.6534139097757032,-1.8521364981771091,0.17798156792152686,0.6961537019898809,0.625,0.375,0.625,-1.0989749882217332,0.3864064709793481,0.815190174452472,UNVERIFIED_PYTHON_APPROXIMATION,strong directional edge
GBPJPY,2024,london_or_newyork,336,16,0.4375,0.5625,0.0,-0.7711467342038496,-0.4703099496748992,2.441889685235484,-2.3602029422257735,-0.4703099496748992,1.4389092549922797,0.4375,0.5625,0.4375,-1.2631966773380001,0.2309836333518552,0.6682180439322347,UNVERIFIED_PYTHON_APPROXIMATION,no directional edge
GBPJPY,2025,all_sessions,24,49,0.5306122448979592,0.4489795918367347,0.02040816326530612,-0.03195036561875855,0.018728150491094435,0.47998654535816876,-0.3548095285958332,0.018728150491094435,0.27657093861590354,0.5306122448979592,0.4489795918367347,0.5306122448979592,-0.465955892918663,0.39380627019919845,0.6629671810210522,UNVERIFIED_PYTHON_APPROXIMATION,usable
GBPJPY,2025,all_sessions,168,49,0.5306122448979592,0.46938775510204084,0.0,0.17234145703909792,0.2693087567261599,1.291273321775743,-0.6923717284928247,0.2693087567261599,1.0186459767238125,0.5306122448979592,0.46938775510204084,0.5306122448979592,0.934264015936357,0.39380627019919845,0.6629671810210522,UNVERIFIED_PYTHON_APPROXIMATION,usable
GBPJPY,2025,all_sessions,336,49,0.673469387755102,0.32653061224489793,0.0,0.4674424383145706,0.7225522960762525,1.2266541673864106,-0.2173989446360665,0.7225522960762525,1.529220372919538,0.673469387755102,0.32653061224489793,0.673469387755102,2.6674976168496927,0.5337894368740628,0.7879267867073578,UNVERIFIED_PYTHON_APPROXIMATION,strong directional edge
GBPJPY,2025,london_only,24,8,0.375,0.625,0.0,0.00178075979884805,-0.22049072077197324,0.504686905012399,-0.30877686522481274,-0.22049072077197324,0.22502077955271604,0.375,0.625,0.375,0.009979948494196917,0.13684175946152105,0.6942621454161981,UNVERIFIED_PYTHON_APPROXIMATION,no directional edge
GBPJPY,2025,london_only,168,8,0.5,0.5,0.0,-0.10582923670970157,-0.11218473846251595,0.9724882367589114,-0.7504388227690576,-0.11218473846251592,0.5822120514455709,0.5,0.5,0.5,-0.3077983592876217,0.21521252682444186,0.7847874731755582,UNVERIFIED_PYTHON_APPROXIMATION,borderline
GBPJPY,2025,london_only,336,8,0.75,0.25,0.0,0.5176021437641483,0.7363850845032304,0.7842609509279274,0.3734997050397908,0.7363850845032304,0.8527138748476559,0.75,0.25,0.75,1.8667255350621608,0.40926987910258916,0.9285223111419724,UNVERIFIED_PYTHON_APPROXIMATION,strong directional edge
GBPJPY,2025,london_or_newyork,24,17,0.5294117647058824,0.47058823529411764,0.0,0.06208220876853571,0.035891859937301165,0.48346136104141296,-0.27275380697887497,0.035891859937301165,0.29973627100829403,0.5294117647058824,0.47058823529411764,0.5294117647058824,0.5294559707376352,0.30962897311549487,0.738351988039119,UNVERIFIED_PYTHON_APPROXIMATION,usable
GBPJPY,2025,london_or_newyork,168,17,0.47058823529411764,0.5294117647058824,0.0,-0.21723689960594553,-0.4661004409458246,1.0842356436702107,-0.8434811179333432,-0.4661004409458246,0.704121195474185,0.47058823529411764,0.5294117647058824,0.47058823529411764,-0.8261033365634796,0.26164801196088106,0.6903710268845051,UNVERIFIED_PYTHON_APPROXIMATION,no directional edge
GBPJPY,2025,london_or_newyork,336,17,0.7647058823529411,0.23529411764705882,0.0,0.5047822703442817,0.7225522960762525,1.054382990721738,0.18892334230034447,0.7225522960762525,0.9803822683947838,0.7647058823529411,0.23529411764705882,0.7647058823529411,1.9739227935988495,0.5273775411082839,0.9044511092832406,UNVERIFIED_PYTHON_APPROXIMATION,strong directional edge
LIGHTCMDUSD,2022,all_sessions,24,38,0.6052631578947368,0.39473684210526316,0.0,0.31022151571080275,0.8044599129444504,2.640317923704805,-1.6585856199129894,0.8044599129444504,1.8431953205391167,0.6052631578947368,0.39473684210526316,0.6052631578947368,0.7242816625607761,0.4471758699869596,0.7440214073638108,UNVERIFIED_PYTHON_APPROXIMATION,strong directional edge
LIGHTCMDUSD,2022,all_sessions,168,38,0.5,0.5,0.0,-0.28757762608384696,-0.27444243365547594,6.2801850799274295,-4.502881915694873,-0.27444243365547594,3.6578410268563184,0.5,0.5,0.5,-0.282276321893419,0.3484967553286069,0.6515032446713931,UNVERIFIED_PYTHON_APPROXIMATION,borderline
LIGHTCMDUSD,2022,all_sessions,336,38,0.5789473684210527,0.42105263157894735,0.0,-0.40431682028611027,1.1175803828847086,7.6096839193242,-6.578890812540806,1.1175803828847086,4.552890965062264,0.5789473684210527,0.42105263157894735,0.5789473684210527,-0.3275269111084093,0.42192070613127325,0.7214772518818047,UNVERIFIED_PYTHON_APPROXIMATION,strong directional edge
LIGHTCMDUSD,2022,london_only,24,6,0.5,0.5,0.0,-0.434229016031378,-0.06806734121582064,3.507945553787078,-3.1487406715017348,-0.06806734121582059,1.5703304297498444,0.5,0.5,0.5,-0.3032086742735838,0.18761280689940874,0.8123871931005913,UNVERIFIED_PYTHON_APPROXIMATION,borderline
LIGHTCMDUSD,2022,london_only,168,6,0.8333333333333334,0.16666666666666666,0.0,2.4617942420604177,2.3349456488447995,4.959106618522008,1.1709954344544808,2.3349456488447995,5.633956817048448,0.8333333333333334,0.16666666666666666,0.8333333333333334,1.215972998492797,0.43649056343635395,0.9699474141282697,UNVERIFIED_PYTHON_APPROXIMATION,strong directional edge
LIGHTCMDUSD,2022,london_only,336,6,0.3333333333333333,0.6666666666666666,0.0,0.2366663552301531,-0.5174659492963856,5.783584628185252,-3.357835422692503,-0.5174659492963856,4.15844614603049,0.3333333333333333,0.6666666666666666,0.3333333333333333,0.10023399792111963,0.09676933255921683,0.7000116786584712,UNVERIFIED_PYTHON_APPROXIMATION,no directional edge
LIGHTCMDUSD,2022,london_or_newyork,24,14,0.6428571428571429,0.35714285714285715,0.0,0.18831322373141196,0.835937211671461,2.8840048401388536,-2.037806776159087,0.835937211671461,1.8569026743342105,0.6428571428571429,0.35714285714285715,0.6428571428571429,0.24431427950305643,0.3876400468214041,0.8365550926279728,UNVERIFIED_PYTHON_APPROXIMATION,strong directional edge
LIGHTCMDUSD,2022,london_or_newyork,168,14,0.6428571428571429,0.35714285714285715,0.0,0.5325199628260953,2.3349456488447995,6.464714985905703,-1.5378316227306161,2.3349456488447995,5.331795746301413,0.6428571428571429,0.35714285714285715,0.6428571428571429,0.30821269875886026,0.3876400468214041,0.8365550926279728,UNVERIFIED_PYTHON_APPROXIMATION,strong directional edge
LIGHTCMDUSD,2022,london_or_newyork,336,14,0.5714285714285714,0.42857142857142855,0.0,0.023582735581937797,1.1790884806127309,7.651390268835299,-3.357835422692503,1.1790884806127309,5.149810873323423,0.5714285714285714,0.42857142857142855,0.5714285714285714,0.011532350813406615,0.3259026690286936,0.7861949006959948,UNVERIFIED_PYTHON_APPROXIMATION,strong directional edge
LIGHTCMDUSD,2023,all_sessions,24,57,0.5087719298245614,0.49122807017543857,0.0,-0.19372426689817668,0.17032873445751331,1.8671209301696738,-1.768402041814556,0.17032873445751331,0.9508634202583154,0.5087719298245614,0.49122807017543857,0.5087719298245614,-0.7833376604280923,0.38259680329032353,0.6338393193625982,UNVERIFIED_PYTHON_APPROXIMATION,borderline
LIGHTCMDUSD,2023,all_sessions,168,57,0.543859649122807,0.45614035087719296,0.0,-0.15307043224389325,0.24295432458697722,5.041167508789401,-3.186817457541481,0.24295432458697722,3.8671231139850506,0.543859649122807,0.45614035087719296,0.543859649122807,-0.22924380480549547,0.41590460831272247,0.6662760049518861,UNVERIFIED_PYTHON_APPROXIMATION,usable
LIGHTCMDUSD,2023,all_sessions,336,57,0.45614035087719296,0.543859649122807,0.0,-0.4500339304705143,-0.8328469993191352,6.753661345341478,-4.354957952130112,-0.8328469993191352,2.8989622898252296,0.45614035087719296,0.543859649122807,0.45614035087719296,-0.5030873612947997,0.33372399504811395,0.5840953916872775,UNVERIFIED_PYTHON_APPROXIMATION,no directional edge
LIGHTCMDUSD,2023,london_only,24,17,0.5294117647058824,0.47058823529411764,0.0,0.06313986760451167,0.17032873445751331,1.580926873383852,-0.5307587322448544,0.17032873445751331,0.7415387628894787,0.5294117647058824,0.47058823529411764,0.5294117647058824,0.1646707053335712,0.30962897311549487,0.738351988039119,UNVERIFIED_PYTHON_APPROXIMATION,usable
LIGHTCMDUSD,2023,london_only,168,17,0.6470588235294118,0.35294117647058826,0.0,1.424528559423106,2.301568424440009,3.6843531997988297,-2.181509711073405,2.301568424440009,3.910304376161624,0.6470588235294118,0.35294117647058826,0.6470588235294118,1.594169016567448,0.4129996672121182,0.826905138560951,UNVERIFIED_PYTHON_APPROXIMATION,strong directional edge
LIGHTCMDUSD,2023,london_only,336,17,0.5882352941176471,0.4117647058823529,0.0,1.9407672178358961,2.033376853371944,5.142160914430783,-2.3306381261148688,2.033376853371944,7.603369620314279,0.5882352941176471,0.4117647058823529,0.5882352941176471,1.5561528250539602,0.36005074385515545,0.7838921396086862,UNVERIFIED_PYTHON_APPROXIMATION,strong directional edge
LIGHTCMDUSD,2023,london_or_newyork,24,21,0.47619047619047616,0.5238095238095238,0.0,-0.08586597141583734,-0.0013050911606116297,1.5520471274834544,-1.0826860988291391,-0.0013050911606116297,0.7415387628894787,0.47619047619047616,0.5238095238095238,0.47619047619047616,-0.2535279416882164,0.28343712296762946,0.6763078209973324,UNVERIFIED_PYTHON_APPROXIMATION,no directional edge
LIGHTCMDUSD,2023,london_or_newyork,168,21,0.6190476190476191,0.38095238095238093,0.0,0.08931509859274124,0.249460541578836,5.136885007868938,-2.5640701612495613,0.249460541578836,3.891356471836807,0.6190476190476191,0.38095238095238093,0.6190476190476191,0.07967731404863156,0.40878295815501514,0.7924923220201749,UNVERIFIED_PYTHON_APPROXIMATION,strong directional edge
LIGHTCMDUSD,2023,london_or_newyork,336,21,0.5238095238095238,0.47619047619047616,0.0,0.22552910272255197,1.0023190912306965,6.390609535418873,-3.366589855916539,1.0023190912306965,4.422380285041908,0.5238095238095238,0.47619047619047616,0.5238095238095238,0.1617223175525814,0.32369217900266756,0.7165628770323705,UNVERIFIED_PYTHON_APPROXIMATION,usable
LIGHTCMDUSD,2024,all_sessions,24,52,0.40384615384615385,0.5961538461538461,0.0,-0.40161266816524976,-0.7512970414362397,1.8904345416340096,-1.7661085845659084,-0.7512970414362397,1.0583122932877402,0.40384615384615385,0.5961538461538461,0.40384615384615385,-1.5319600187733486,0.2815953542428228,0.5393266823750391,UNVERIFIED_PYTHON_APPROXIMATION,no directional edge
LIGHTCMDUSD,2024,all_sessions,168,52,0.6153846153846154,0.38461538461538464,0.0,0.4885953497195359,0.7628099394478567,3.303498603796088,-2.0696473423834383,0.7628099394478567,2.7024385246462184,0.6153846153846154,0.38461538461538464,0.6153846153846154,1.0665393255155053,0.47959626940741784,0.7352972866511478,UNVERIFIED_PYTHON_APPROXIMATION,strong directional edge
LIGHTCMDUSD,2024,all_sessions,336,52,0.5576923076923077,0.4423076923076923,0.0,0.09995311822699299,0.7134349566509541,4.025241257367631,-2.823354775370009,0.7134349566509541,2.973634399000785,0.5576923076923077,0.4423076923076923,0.5576923076923077,0.17906310199434733,0.42339524991516386,0.6840515281141191,UNVERIFIED_PYTHON_APPROXIMATION,strong directional edge
LIGHTCMDUSD,2024,london_only,24,17,0.17647058823529413,0.8235294117647058,0.0,-1.0534459934236156,-1.1848491376579233,1.4808628088344782,-2.0603135627901654,-1.1848491376579233,-0.4028664558739113,0.17647058823529413,0.8235294117647058,0.17647058823529413,-2.9330665041063777,0.0619101371254899,0.41029929017375777,UNVERIFIED_PYTHON_APPROXIMATION,no directional edge
LIGHTCMDUSD,2024,london_only,168,17,0.6470588235294118,0.35294117647058826,0.0,0.8757647700035543,1.3184720374055303,3.081272945040938,-1.803756887392026,1.3184720374055303,2.50989407519497,0.6470588235294118,0.35294117647058826,0.6470588235294118,1.1718762713737574,0.4129996672121182,0.826905138560951,UNVERIFIED_PYTHON_APPROXIMATION,strong directional edge
LIGHTCMDUSD,2024,london_only,336,17,0.5294117647058824,0.47058823529411764,0.0,-0.31443877014597144,0.0804587612276618,3.436544971606092,-2.653006505510623,0.0804587612276618,1.6761992501887326,0.5294117647058824,0.47058823529411764,0.5294117647058824,-0.3772580521462643,0.30962897311549487,0.738351988039119,UNVERIFIED_PYTHON_APPROXIMATION,usable
LIGHTCMDUSD,2024,london_or_newyork,24,22,0.18181818181818182,0.8181818181818182,0.0,-0.9944480082929691,-1.0631366304600816,1.5156515855352566,-1.9705815255518702,-1.0631366304600816,-0.4549260030042572,0.18181818181818182,0.8181818181818182,0.18181818181818182,-3.077471534313822,0.07306766024105121,0.38517021976637866,UNVERIFIED_PYTHON_APPROXIMATION,no directional edge
LIGHTCMDUSD,2024,london_or_newyork,168,22,0.6818181818181818,0.3181818181818182,0.0,1.1654316358268988,1.5967810929851813,3.288613298978869,-1.4057366782869158,1.5967810929851813,3.197341687689026,0.6818181818181818,0.3181818181818182,0.6818181818181818,1.66220787143828,0.47318222782839336,0.8363961264530752,UNVERIFIED_PYTHON_APPROXIMATION,strong directional edge
LIGHTCMDUSD,2024,london_or_newyork,336,22,0.5454545454545454,0.45454545454545453,0.0,0.07206297693242937,0.43665858129509894,3.9244057636072935,-2.517413241385,0.43665858129509894,2.6387143965656037,0.5454545454545454,0.45454545454545453,0.5454545454545454,0.0861290455329895,0.34659473289041554,0.7307998556799515,UNVERIFIED_PYTHON_APPROXIMATION,usable
LIGHTCMDUSD,2025,all_sessions,24,55,0.4,0.6,0.0,-0.2549908700587215,-0.34008225245175344,1.785051507853784,-1.0266363908839924,-0.34008225245175344,0.8883844135576165,0.4,0.6,0.4,-1.0593884246098724,0.28118303786433585,0.5318743908935498,UNVERIFIED_PYTHON_APPROXIMATION,no directional edge
LIGHTCMDUSD,2025,all_sessions,168,55,0.43636363636363634,0.5454545454545454,0.01818181818181818,-0.6006110021680628,-0.5537570284545876,4.67162970307375,-3.1244558580744815,-0.5537570284545876,1.5335376636719236,0.43636363636363634,0.5454545454545454,0.43636363636363634,-0.9534682088952973,0.31373238636001305,0.5673041592131869,UNVERIFIED_PYTHON_APPROXIMATION,no directional edge
LIGHTCMDUSD,2025,all_sessions,336,55,0.45454545454545453,0.5454545454545454,0.0,-0.27414372472093396,-0.26559085560598855,4.262904398025008,-3.3567299534280064,-0.26559085560598855,2.366330227832402,0.45454545454545453,0.5454545454545454,0.45454545454545453,-0.4769293623999853,0.330250717464462,0.584775386516395,UNVERIFIED_PYTHON_APPROXIMATION,no directional edge
LIGHTCMDUSD,2025,london_only,24,17,0.5294117647058824,0.47058823529411764,0.0,0.2234299631307713,0.4053889707174037,1.2119224143258918,-0.4966424174594211,0.4053889707174037,0.9614626842146734,0.5294117647058824,0.47058823529411764,0.5294117647058824,0.7601355722333456,0.30962897311549487,0.738351988039119,UNVERIFIED_PYTHON_APPROXIMATION,usable
LIGHTCMDUSD,2025,london_only,168,17,0.5294117647058824,0.47058823529411764,0.0,-0.16669748808268,0.5589194224499375,2.699577720714092,-1.9295456447159303,0.5589194224499375,1.36021374787466,0.5294117647058824,0.47058823529411764,0.5294117647058824,-0.2545995788957035,0.30962897311549487,0.738351988039119,UNVERIFIED_PYTHON_APPROXIMATION,usable
LIGHTCMDUSD,2025,london_only,336,17,0.5882352941176471,0.4117647058823529,0.0,1.1738216789712044,0.4824422651059787,3.024101859800151,-0.26559085560598855,0.4824422651059787,2.5580391818417096,0.5882352941176471,0.4117647058823529,0.5882352941176471,1.6004060023156692,0.36005074385515545,0.7838921396086862,UNVERIFIED_PYTHON_APPROXIMATION,strong directional edge
LIGHTCMDUSD,2025,london_or_newyork,24,27,0.4074074074074074,0.5925925925925926,0.0,-0.35413461145769864,-0.24047493800256192,1.8584760465972736,-0.8724289732392446,-0.24047493800256192,0.8965433023642959,0.4074074074074074,0.5925925925925926,0.4074074074074074,-0.9901324381658524,0.24514513372857344,0.5927361694463591,UNVERIFIED_PYTHON_APPROXIMATION,no directional edge
LIGHTCMDUSD,2025,london_or_newyork,168,27,0.4444444444444444,0.5555555555555556,0.0,-1.2194261885744186,-1.2416956659285074,4.823354244885272,-2.8519907142568046,-1.2416956659285074,1.2568271941341187,0.4444444444444444,0.5555555555555556,0.4444444444444444,-1.313675923926171,0.27585597670072837,0.6268728052042312,UNVERIFIED_PYTHON_APPROXIMATION,no directional edge
LIGHTCMDUSD,2025,london_or_newyork,336,27,0.4444444444444444,0.5555555555555556,0.0,-0.3970234776363543,-0.04189008042894981,4.107225803635585,-2.272084200939808,-0.04189008042894981,1.3811578450719624,0.4444444444444444,0.5555555555555556,0.4444444444444444,-0.5022841703432662,0.27585597670072837,0.6268728052042312,UNVERIFIED_PYTHON_APPROXIMATION,no directional edge
USDJPY,2022,all_sessions,24,31,0.3870967741935484,0.6129032258064516,0.0,-0.17466680521009362,-0.16254276992002592,0.7794286651067165,-0.445351956030815,-0.16254276992002592,0.24700604422213687,0.3870967741935484,0.6129032258064516,0.3870967741935484,-1.247713430304723,0.23732875351271562,0.5617619885886803,UNVERIFIED_PYTHON_APPROXIMATION,no directional edge
USDJPY,2022,all_sessions,168,31,0.6129032258064516,0.3870967741935484,0.0,0.001230846242587404,0.22078509092173854,1.34054001200245,-0.8055551812670152,0.22078509092173854,0.782886947965052,0.6129032258064516,0.3870967741935484,0.6129032258064516,0.0051121650858929075,0.4382380114113197,0.7626712464872843,UNVERIFIED_PYTHON_APPROXIMATION,strong directional edge
USDJPY,2022,all_sessions,336,31,0.5161290322580645,0.4838709677419355,0.0,-0.20472287649904966,0.013957586384379144,2.163684323226034,-1.8161343996355286,0.013957586384379144,1.3736061101938963,0.5161290322580645,0.4838709677419355,0.5161290322580645,-0.5268091670267113,0.34840118286973176,0.6803001396872117,UNVERIFIED_PYTHON_APPROXIMATION,borderline
USDJPY,2022,london_only,24,3,0.6666666666666666,0.3333333333333333,0.0,0.11868961592645577,0.20158231277771493,0.6280219828963929,-0.17254001542900005,0.20158231277771493,0.4513655957075412,0.6666666666666666,0.3333333333333333,0.6666666666666666,0.3273395688592835,0.20765495512648796,0.9385096847238394,UNVERIFIED_PYTHON_APPROXIMATION,strong directional edge
USDJPY,2022,london_only,168,3,0.6666666666666666,0.3333333333333333,0.0,0.7665648933541526,0.5504324287642552,1.8867445298631453,-0.226186762782975,0.5504324287642552,1.6512503171963315,0.6666666666666666,0.3333333333333333,0.6666666666666666,0.7037144253357485,0.20765495512648796,0.9385096847238394,UNVERIFIED_PYTHON_APPROXIMATION,strong directional edge
USDJPY,2022,london_only,336,3,0.3333333333333333,0.6666666666666666,0.0,-0.8947325455820824,-1.379097140013406,4.657605566645124,-3.3351626527721683,-1.379097140013406,1.3035152643923418,0.3333333333333333,0.6666666666666666,0.3333333333333333,-0.33272938336207564,0.061490315276160556,0.792345044873512,UNVERIFIED_PYTHON_APPROXIMATION,no directional edge
USDJPY,2022,london_or_newyork,24,8,0.625,0.375,0.0,0.12371581871526698,0.14743618387473262,0.49252069854962155,-0.2033531973075587,0.14743618387473262,0.4222978908679377,0.625,0.375,0.625,0.7104699933320444,0.30573785458380187,0.863158240538479,UNVERIFIED_PYTHON_APPROXIMATION,strong directional edge
USDJPY,2022,london_or_newyork,168,8,0.625,0.375,0.0,0.30737220036117796,0.43677294255464505,1.1963721303215236,-0.6310979562251557,0.43677294255464505,0.5843700838146173,0.625,0.375,0.625,0.7266801414546757,0.30573785458380187,0.863158240538479,UNVERIFIED_PYTHON_APPROXIMATION,strong directional edge
USDJPY,2022,london_or_newyork,336,8,0.25,0.75,0.0,-0.7510605879788068,-0.5281234513651061,2.6983716391949093,-1.7544661548965186,-0.5281234513651061,0.05102682478913628,0.25,0.75,0.25,-0.7872600306460734,0.07147768885802763,0.5907301208974108,UNVERIFIED_PYTHON_APPROXIMATION,no directional edge
USDJPY,2023,all_sessions,24,42,0.3333333333333333,0.6428571428571429,0.023809523809523808,-0.1869078128197902,-0.07844745424766514,0.5730286457658573,-0.4625131143174953,-0.07844745424766514,0.1168990635547977,0.3333333333333333,0.6428571428571429,0.3333333333333333,-2.113857794618102,0.21012280761972318,0.4844777298833309,UNVERIFIED_PYTHON_APPROXIMATION,no directional edge
USDJPY,2023,all_sessions,168,42,0.6428571428571429,0.35714285714285715,0.0,0.366335475333538,0.6558621919971994,1.2564538089509054,-0.6165044904745195,0.6558621919971994,1.3508651205473547,0.6428571428571429,0.35714285714285715,0.6428571428571429,1.889544372703171,0.4916608928707938,0.7701100749837315,UNVERIFIED_PYTHON_APPROXIMATION,strong directional edge
USDJPY,2023,all_sessions,336,42,0.7619047619047619,0.23809523809523808,0.0,0.804295564122713,1.2057959278518415,1.7147201066996665,0.0992858835405384,1.2057959278518415,1.6197994909349247,0.7619047619047619,0.23809523809523808,0.7619047619047619,3.039814472107274,0.6147216491768113,0.8651917918898182,UNVERIFIED_PYTHON_APPROXIMATION,strong directional edge
USDJPY,2023,london_only,24,3,0.3333333333333333,0.6666666666666666,0.0,-0.14611104001804434,-0.17172924480347304,0.5766527510914076,-0.4406284927083157,-0.17172924480347304,0.13559731027951272,0.3333333333333333,0.6666666666666666,0.3333333333333333,-0.4388633269831861,0.061490315276160556,0.792345044873512,UNVERIFIED_PYTHON_APPROXIMATION,no directional edge
USDJPY,2023,london_only,168,3,0.6666666666666666,0.3333333333333333,0.0,0.3300809529645954,0.3180425613760279,1.9729519707552976,-0.6593908574314824,0.3180425613760279,1.3135335675663895,0.6666666666666666,0.3333333333333333,0.6666666666666666,0.2897774449757962,0.20765495512648796,0.9385096847238394,UNVERIFIED_PYTHON_APPROXIMATION,strong directional edge
USDJPY,2023,london_only,336,3,0.6666666666666666,0.3333333333333333,0.0,1.2330908719222358,0.5807167867004488,1.7284101647433112,0.2532648764726728,0.5807167867004488,1.8867298247609052,0.6666666666666666,0.3333333333333333,0.6666666666666666,1.2356881972144076,0.20765495512648796,0.9385096847238394,UNVERIFIED_PYTHON_APPROXIMATION,strong directional edge
USDJPY,2023,london_or_newyork,24,15,0.2,0.7333333333333333,0.06666666666666667,-0.2234795967393755,-0.17172924480347304,0.46075057922179313,-0.5839391055876075,-0.17172924480347304,-0.017564790879564286,0.2,0.7333333333333333,0.2,-1.878527766260509,0.07047420643610411,0.4518593533465045,UNVERIFIED_PYTHON_APPROXIMATION,no directional edge
USDJPY,2023,london_or_newyork,168,15,0.5333333333333333,0.4666666666666667,0.0,0.1620377498916926,0.2040280387047423,1.2242538928399491,-0.981812070090939,0.2040280387047423,1.1769543697773994,0.5333333333333333,0.4666666666666667,0.5333333333333333,0.5126138544118907,0.3011663015105079,0.7519077474025355,UNVERIFIED_PYTHON_APPROXIMATION,usable
USDJPY,2023,london_or_newyork,336,15,0.5333333333333333,0.4666666666666667,0.0,0.25663114472532206,0.40581695793652567,2.015288432416,-1.5277914205576018,0.40581695793652567,1.4907656365474438,0.5333333333333333,0.4666666666666667,0.5333333333333333,0.4931939933023687,0.3011663015105079,0.7519077474025355,UNVERIFIED_PYTHON_APPROXIMATION,usable
USDJPY,2024,all_sessions,24,30,0.5666666666666667,0.43333333333333335,0.0,0.03263062711292183,0.07494561945050487,0.6486398709146574,-0.3218890545731071,0.07494561945050487,0.41355755669978084,0.5666666666666667,0.43333333333333335,0.5666666666666667,0.27553857443398627,0.3919700954540873,0.7262276256938489,UNVERIFIED_PYTHON_APPROXIMATION,strong directional edge
USDJPY,2024,all_sessions,168,30,0.6333333333333333,0.36666666666666664,0.0,-0.03315802209240701,0.2790757375413834,1.3201605810906785,-0.9583599357796415,0.2790757375413834,0.9203737075710894,0.6333333333333333,0.36666666666666664,0.6333333333333333,-0.1375696026862243,0.45513246433604937,0.7812629779598231,UNVERIFIED_PYTHON_APPROXIMATION,strong directional edge
USDJPY,2024,all_sessions,336,30,0.6666666666666666,0.3333333333333333,0.0,0.23567198879467927,0.9475230490683052,2.38182433865465,-1.0210095888983888,0.9475230490683052,1.9208661815966885,0.6666666666666666,0.3333333333333333,0.6666666666666666,0.5419495566489247,0.48779725813830266,0.807697044731538,UNVERIFIED_PYTHON_APPROXIMATION,strong directional edge
USDJPY,2024,london_only,24,7,0.5714285714285714,0.42857142857142855,0.0,0.21096458763506906,0.12696783700749545,0.5102044432730836,-0.14881595688617666,0.12696783700749545,0.5010524057256747,0.5714285714285714,0.42857142857142855,0.5714285714285714,1.0939924998358614,0.2504542304090258,0.8417830777373732,UNVERIFIED_PYTHON_APPROXIMATION,strong directional edge
USDJPY,2024,london_only,168,7,0.7142857142857143,0.2857142857142857,0.0,0.03513091180412174,0.5540913524394461,1.2069378200537748,-0.5258623610258379,0.5540913524394461,0.6924467014410116,0.7142857142857143,0.2857142857142857,0.7142857142857143,0.07701113878468764,0.35892909014821267,0.9177828342909844,UNVERIFIED_PYTHON_APPROXIMATION,strong directional edge
USDJPY,2024,london_only,336,7,0.7142857142857143,0.2857142857142857,0.0,0.3507285119934758,0.9600388617595234,2.299461818373072,0.23425740604312895,0.9600388617595234,1.5125913882901565,0.7142857142857143,0.2857142857142857,0.7142857142857143,0.4035467834343139,0.35892909014821267,0.9177828342909844,UNVERIFIED_PYTHON_APPROXIMATION,strong directional edge
USDJPY,2024,london_or_newyork,24,14,0.5,0.5,0.0,-0.011749737967723948,-0.034878657371179435,0.4901798121121594,-0.19952136355202604,-0.03487865737117943,0.12610384672892144,0.5,0.5,0.5,-0.08968850363330169,0.2679886791947528,0.7320113208052472,UNVERIFIED_PYTHON_APPROXIMATION,borderline
USDJPY,2024,london_or_newyork,168,14,0.5714285714285714,0.42857142857142855,0.0,-0.2379805329071957,0.1084234738813714,1.3339541273285493,-1.2926245804847782,0.1084234738813714,0.6009778211127881,0.5714285714285714,0.42857142857142855,0.5714285714285714,-0.6675204196443064,0.3259026690286936,0.7861949006959948,UNVERIFIED_PYTHON_APPROXIMATION,strong directional edge
USDJPY,2024,london_or_newyork,336,14,0.7142857142857143,0.2857142857142857,0.0,0.34026663530927204,0.9801574453121347,2.1553695602534613,-0.27226282761328496,0.9801574453121347,1.818905436357551,0.7142857142857143,0.2857142857142857,0.7142857142857143,0.5906927484528152,0.45350458827515605,0.882788120898909,UNVERIFIED_PYTHON_APPROXIMATION,strong directional edge
USDJPY,2025,all_sessions,24,45,0.5111111111111111,0.4888888888888889,0.0,-0.029068001665443013,0.008435200089975788,0.4814590500385888,-0.4574005886325056,0.008435200089975788,0.30162838567673916,0.5111111111111111,0.4888888888888889,0.5111111111111111,-0.4050065796175071,0.3700422432648975,0.6504321064697549,UNVERIFIED_PYTHON_APPROXIMATION,borderline
USDJPY,2025,all_sessions,168,44,0.6590909090909091,0.3409090909090909,0.0,0.38243713436714155,0.5280287369688601,1.2124261825585523,-0.316843435261729,0.5280287369688601,0.8729972772524649,0.6590909090909091,0.3409090909090909,0.6590909090909091,2.0923343603779117,0.5113886797193951,0.7812436737136005,UNVERIFIED_PYTHON_APPROXIMATION,strong directional edge
USDJPY,2025,all_sessions,336,43,0.5581395348837209,0.4418604651162791,0.0,0.42862845740537925,0.40086553666047314,1.694468698331628,-0.792017455922567,0.40086553666047314,1.5976729472999645,0.5581395348837209,0.4418604651162791,0.5581395348837209,1.658752836195552,0.4110735806551171,0.6956691437607867,UNVERIFIED_PYTHON_APPROXIMATION,strong directional edge
USDJPY,2025,london_only,24,11,0.6363636363636364,0.36363636363636365,0.0,0.00878862635654964,0.07118213649015534,0.5258390548357808,-0.42025113700920413,0.07118213649015534,0.14143963869034631,0.6363636363636364,0.36363636363636365,0.6363636363636364,0.05543250502077385,0.3537967768916373,0.8483377638586862,UNVERIFIED_PYTHON_APPROXIMATION,strong directional edge
USDJPY,2025,london_only,168,11,0.5454545454545454,0.45454545454545453,0.0,0.29749759684312777,0.3386461997097323,1.130121045449444,-0.34196939028838935,0.3386461997097323,0.7303997519925418,0.5454545454545454,0.45454545454545453,0.5454545454545454,0.8730816125706894,0.2800877556899882,0.7872904245601194,UNVERIFIED_PYTHON_APPROXIMATION,usable
USDJPY,2025,london_only,336,10,0.5,0.5,0.0,0.6244148884991149,0.36903469237304576,1.6711150334722813,-0.8530394902243841,0.36903469237304576,1.8500853992441304,0.5,0.5,0.5,1.1815902634030324,0.23658959361548731,0.7634104063845126,UNVERIFIED_PYTHON_APPROXIMATION,borderline
USDJPY,2025,london_or_newyork,24,15,0.5333333333333333,0.4666666666666667,0.0,-0.06248666505355749,0.056768619414863435,0.5214786430690643,-0.5146682763485765,0.056768619414863435,0.14143963869034631,0.5333333333333333,0.4666666666666667,0.5333333333333333,-0.46408384375660333,0.3011663015105079,0.7519077474025355,UNVERIFIED_PYTHON_APPROXIMATION,usable
USDJPY,2025,london_or_newyork,168,15,0.6,0.4,0.0,0.4952360396970273,0.3764316587361756,1.145705751820022,-0.3200761659447394,0.3764316587361756,1.115325087074552,0.6,0.4,0.6,1.6741130356912142,0.357464427565077,0.8017577191740534,UNVERIFIED_PYTHON_APPROXIMATION,strong directional edge
USDJPY,2025,london_or_newyork,336,14,0.6428571428571429,0.35714285714285715,0.0,0.829677213065304,0.6288107133770936,1.617938915499633,-0.7100458858650096,0.6288107133770936,1.8500853992441304,0.6428571428571429,0.35714285714285715,0.6428571428571429,1.9187176000060282,0.3876400468214041,0.8365550926279728,UNVERIFIED_PYTHON_APPROXIMATION,strong directional edge
XAGUSD,2022,all_sessions,24,57,0.543859649122807,0.45614035087719296,0.0,0.2519317658981938,0.24285154719936392,1.8460843029723046,-0.8695243466817011,0.24285154719936392,1.304250056217671,0.543859649122807,0.45614035087719296,0.543859649122807,1.030312168547423,0.41590460831272247,0.6662760049518861,UNVERIFIED_PYTHON_APPROXIMATION,usable
XAGUSD,2022,all_sessions,168,57,0.543859649122807,0.45614035087719296,0.0,0.4907181676312079,0.3503025340066338,4.108512540803595,-2.4778487533484346,0.3503025340066338,3.239750251058817,0.543859649122807,0.45614035087719296,0.543859649122807,0.9017475018514651,0.41590460831272247,0.6662760049518861,UNVERIFIED_PYTHON_APPROXIMATION,usable
XAGUSD,2022,all_sessions,336,57,0.47368421052631576,0.5263157894736842,0.0,0.4704724086510687,-0.31000305636815245,6.096815865730738,-2.767205020059666,-0.31000305636815245,4.917766497461923,0.47368421052631576,0.5263157894736842,0.47368421052631576,0.5825973540785104,0.3498695765634663,0.6008220554777685,UNVERIFIED_PYTHON_APPROXIMATION,no directional edge
XAGUSD,2022,london_only,24,16,0.5,0.5,0.0,-0.02162221005105258,0.1048587179438088,1.870315860293469,-1.6499407345062371,0.1048587179438088,1.2929307428274042,0.5,0.5,0.5,-0.046242905832301215,0.27999237611350836,0.7200076238864916,UNVERIFIED_PYTHON_APPROXIMATION,borderline
XAGUSD,2022,london_only,168,16,0.4375,0.5625,0.0,-0.4242177842368934,-1.1667684442565824,3.6319436570374872,-2.617745738128823,-1.1667684442565824,2.356296847219226,0.4375,0.5625,0.4375,-0.467207450660642,0.2309836333518552,0.6682180439322347,UNVERIFIED_PYTHON_APPROXIMATION,no directional edge
XAGUSD,2022,london_only,336,16,0.4375,0.5625,0.0,-0.019421301009541314,-0.766680176185086,7.237126329988425,-4.062694986655143,-0.7666801761850861,8.221513940992189,0.4375,0.5625,0.4375,-0.010734261155047366,0.2309836333518552,0.6682180439322347,UNVERIFIED_PYTHON_APPROXIMATION,no directional edge
XAGUSD,2022,london_or_newyork,24,22,0.5909090909090909,0.4090909090909091,0.0,0.38982674806984047,0.3759700896965398,2.1935344556602714,-1.4065166677372412,0.3759700896965398,1.490835241327141,0.5909090909090909,0.4090909090909091,0.5909090909090909,0.8335631647040254,0.3873447738289381,0.7674444033117962,UNVERIFIED_PYTHON_APPROXIMATION,strong directional edge
XAGUSD,2022,london_or_newyork,168,22,0.5,0.5,0.0,0.07419860554957315,-0.2054543882267641,3.9720122513212806,-2.6629257957013506,-0.20545438822676412,3.2786316593657796,0.5,0.5,0.5,0.08761863932088107,0.3072180469247956,0.6927819530752044,UNVERIFIED_PYTHON_APPROXIMATION,borderline
XAGUSD,2022,london_or_newyork,336,22,0.5,0.5,0.0,0.7652254712655701,-0.15071078760225418,7.271825944248459,-3.0013196578045465,-0.15071078760225418,8.575115233278183,0.5,0.5,0.5,0.4935796920553613,0.3072180469247956,0.6927819530752044,UNVERIFIED_PYTHON_APPROXIMATION,borderline
XAGUSD,2023,all_sessions,24,50,0.44,0.56,0.0,-0.5358409703486886,-0.23823200867374072,1.746880370895306,-1.406044394589816,-0.23823200867374072,0.6318297612829463,0.44,0.56,0.44,-2.168991020128908,0.3116198721023534,0.5769421319985648,UNVERIFIED_PYTHON_APPROXIMATION,no directional edge
XAGUSD,2023,all_sessions,168,50,0.46,0.54,0.0,-0.6457029221582232,-0.7869847342217544,3.7730648721060467,-2.9436576345534675,-0.7869847342217544,1.9252762437268196,0.46,0.54,0.46,-1.2101061878514565,0.3296943460178263,0.5960136567161192,UNVERIFIED_PYTHON_APPROXIMATION,no directional edge
XAGUSD,2023,all_sessions,336,50,0.38,0.62,0.0,-0.6119602465231511,-1.1275054958312714,4.967374185003264,-3.9656582226546044,-1.1275054958312714,2.3539430175443825,0.38,0.62,0.38,-0.8711267241342866,0.2586259584257722,0.5184980497760643,UNVERIFIED_PYTHON_APPROXIMATION,no directional edge
XAGUSD,2023,london_only,24,16,0.5625,0.4375,0.0,-0.6985726905039766,0.09562389747548317,1.8691357952995844,-1.4218199336187582,0.09562389747548317,0.5538142341548901,0.5625,0.4375,0.5625,-1.4949640197586813,0.33178195606776517,0.7690163666481448,UNVERIFIED_PYTHON_APPROXIMATION,strong directional edge
XAGUSD,2023,london_only,168,16,0.375,0.625,0.0,-1.1920189670058934,-0.8920914358571798,3.4962911815457804,-2.8261720843614637,-0.8920914358571798,1.0832260624719372,0.375,0.625,0.375,-1.3637525081407869,0.18480982554752803,0.613593529020652,UNVERIFIED_PYTHON_APPROXIMATION,no directional edge
XAGUSD,2023,london_only,336,16,0.375,0.625,0.0,-0.857716581669552,-1.3793351608765458,4.480809166800247,-4.497070548584567,-1.3793351608765458,1.4040433953355052,0.375,0.625,0.375,-0.7656800812001987,0.18480982554752803,0.613593529020652,UNVERIFIED_PYTHON_APPROXIMATION,no directional edge
XAGUSD,2023,london_or_newyork,24,20,0.45,0.55,0.0,-0.7282583061899188,-0.4481099435286803,1.6697637064778565,-1.0873273127960108,-0.4481099435286803,0.4671571496115865,0.45,0.55,0.45,-1.9504976320924843,0.25819502085709295,0.6579179916924003,UNVERIFIED_PYTHON_APPROXIMATION,no directional edge
XAGUSD,2023,london_or_newyork,168,20,0.35,0.65,0.0,-1.3083226196251674,-1.0465273255569132,3.3502369667126595,-2.8261720843614637,-1.0465273255569132,1.0832260624719372,0.35,0.65,0.35,-1.7464426206562043,0.18118954786794464,0.5671494897805354,UNVERIFIED_PYTHON_APPROXIMATION,no directional edge
XAGUSD,2023,london_or_newyork,336,20,0.4,0.6,0.0,-0.4281139504981876,-0.8908853167475826,4.293986207948564,-2.749874447716607,-0.8908853167475826,1.751107256200029,0.4,0.6,0.4,-0.44587562654853996,0.21880396741419272,0.613422057684794,UNVERIFIED_PYTHON_APPROXIMATION,no directional edge
XAGUSD,2024,all_sessions,24,44,0.6136363636363636,0.38636363636363635,0.0,0.3389758240674034,0.2604103233922918,1.5597859135475376,-0.5390389967201745,0.2604103233922918,1.2470957923442867,0.6136363636363636,0.38636363636363635,0.6136363636363636,1.44155119195316,0.46623309846201666,0.7427900111329802,UNVERIFIED_PYTHON_APPROXIMATION,strong directional edge
XAGUSD,2024,all_sessions,168,44,0.5909090909090909,0.4090909090909091,0.0,0.5779611198140533,1.1475372012784784,3.0418090048796596,-1.738747866685747,1.1475372012784784,2.9418441703131446,0.5909090909090909,0.4090909090909091,0.5909090909090909,1.2603553837613104,0.44409492646606574,0.7231235612099317,UNVERIFIED_PYTHON_APPROXIMATION,strong directional edge
XAGUSD,2024,all_sessions,336,44,0.6136363636363636,0.38636363636363635,0.0,1.3656082552319262,1.1732985913562801,5.219295505245538,-1.625470881633396,1.1732985913562801,3.882307512047904,0.6136363636363636,0.38636363636363635,0.6136363636363636,1.735563808818339,0.46623309846201666,0.7427900111329802,UNVERIFIED_PYTHON_APPROXIMATION,strong directional edge
XAGUSD,2024,london_only,24,15,0.5333333333333333,0.4666666666666667,0.0,0.046106574392042576,0.07203903205736424,1.2663119858577314,-0.893472709875382,0.07203903205736424,0.5300413070291176,0.5333333333333333,0.4666666666666667,0.5333333333333333,0.14101579765913735,0.3011663015105079,0.7519077474025355,UNVERIFIED_PYTHON_APPROXIMATION,usable
XAGUSD,2024,london_only,168,15,0.4666666666666667,0.5333333333333333,0.0,0.5759595397660334,-0.2193944712593274,2.1501774246505314,-1.2530107741994942,-0.2193944712593274,2.2574352583269732,0.4666666666666667,0.5333333333333333,0.4666666666666667,1.037440761878378,0.24809225259746442,0.6988336984894921,UNVERIFIED_PYTHON_APPROXIMATION,no directional edge
XAGUSD,2024,london_only,336,15,0.7333333333333333,0.26666666666666666,0.0,2.084682577700034,1.1959825558345392,3.715846340914877,0.20242140552674232,1.1959825558345392,2.1600118916625397,0.7333333333333333,0.26666666666666666,0.7333333333333333,2.1728403612010228,0.4804911034231324,0.8910272389681718,UNVERIFIED_PYTHON_APPROXIMATION,strong directional edge
XAGUSD,2024,london_or_newyork,24,18,0.5555555555555556,0.4444444444444444,0.0,0.13232117268798882,0.1824443106272397,1.2301503663872164,-0.7913300802409756,0.1824443106272397,0.6059386948982628,0.5555555555555556,0.4444444444444444,0.5555555555555556,0.456359812875663,0.3371606942825164,0.7544076889861088,UNVERIFIED_PYTHON_APPROXIMATION,strong directional edge
XAGUSD,2024,london_or_newyork,168,18,0.5,0.5,0.0,0.5918612632735631,0.49269178446137973,2.1835939265155844,-1.4187235980905215,0.49269178446137973,2.5776845239537516,0.5,0.5,0.5,1.149964123916204,0.2903070395897999,0.7096929604102,UNVERIFIED_PYTHON_APPROXIMATION,borderline
XAGUSD,2024,london_or_newyork,336,18,0.7222222222222222,0.2777777777777778,0.0,1.7338901269058484,1.2517868022700598,3.8149281952520893,0.04982500169112698,1.2517868022700598,2.6295618191582117,0.7222222222222222,0.2777777777777778,0.7222222222222222,1.928286044429487,0.49126922453805477,0.8750043085364452,UNVERIFIED_PYTHON_APPROXIMATION,strong directional edge
XAGUSD,2025,all_sessions,24,27,0.4444444444444444,0.5555555555555556,0.0,-0.3272481947514501,-0.04941220069589037,2.025588905577184,-0.9011798350932563,-0.04941220069589037,0.7079649520040554,0.4444444444444444,0.5555555555555556,0.4444444444444444,-0.839475125136306,0.27585597670072837,0.6268728052042312,UNVERIFIED_PYTHON_APPROXIMATION,no directional edge
XAGUSD,2025,all_sessions,168,27,0.8148148148148148,0.18518518518518517,0.0,2.2309238703545295,2.5918496621621605,2.8540035180216328,0.29630085559112335,2.5918496621621605,3.8612413511509027,0.8148148148148148,0.18518518518518517,0.8148148148148148,4.061740078671087,0.6330094349480826,0.9181941342571467,UNVERIFIED_PYTHON_APPROXIMATION,strong directional edge
XAGUSD,2025,all_sessions,336,27,0.7037037037037037,0.2962962962962963,0.0,3.1957774451135634,2.5961720674625823,5.159050871230583,-0.21823372393546592,2.5961720674625823,6.565435644364785,0.7037037037037037,0.2962962962962963,0.7037037037037037,3.218760025503897,0.515189666191624,0.8414714668235244,UNVERIFIED_PYTHON_APPROXIMATION,strong directional edge
XAGUSD,2025,london_only,24,7,0.42857142857142855,0.5714285714285714,0.0,0.24159166372180532,-0.00556003447220077,2.0736165653491145,-0.32127672028592535,-0.00556003447220077,1.6188494371285858,0.42857142857142855,0.5714285714285714,0.42857142857142855,0.3082495923862509,0.15821692226262685,0.7495457695909742,UNVERIFIED_PYTHON_APPROXIMATION,no directional edge
XAGUSD,2025,london_only,168,7,1.0,0.0,0.0,2.4407331139551247,2.626416302998754,1.3504542184826631,1.5505227497256748,2.626416302998754,3.582754441324693,1.0,0.0,1.0,4.781778417828263,0.6456611570247934,1.0,UNVERIFIED_PYTHON_APPROXIMATION,strong directional edge
XAGUSD,2025,london_only,336,7,0.7142857142857143,0.2857142857142857,0.0,4.451875784479884,3.8706654170571833,7.243918484050726,1.1481063949885735,3.8706654170571833,8.684093340737718,0.7142857142857143,0.2857142857142857,0.7142857142857143,1.6259923713136413,0.35892909014821267,0.9177828342909844,UNVERIFIED_PYTHON_APPROXIMATION,strong directional edge
XAGUSD,2025,london_or_newyork,24,11,0.45454545454545453,0.5454545454545454,0.0,0.17585014626205783,-0.00556003447220077,1.7264989942250353,-0.556754979141079,-0.00556003447220077,1.2164237503507707,0.45454545454545453,0.5454545454545454,0.45454545454545453,0.3378101906987527,0.2127095754398805,0.7199122443100117,UNVERIFIED_PYTHON_APPROXIMATION,no directional edge
XAGUSD,2025,london_or_newyork,168,11,0.9090909090909091,0.09090909090909091,0.0,2.1417289174351684,2.5918496621621605,1.7638661292970752,0.6996862550422926,2.5918496621621605,3.582754441324693,0.9090909090909091,0.09090909090909091,0.9090909090909091,4.027126040805194,0.6226353745137962,0.9837682477371741,UNVERIFIED_PYTHON_APPROXIMATION,strong directional edge
XAGUSD,2025,london_or_newyork,336,11,0.7272727272727273,0.2727272727272727,0.0,3.652129649518672,3.5235430743243272,5.996845080232328,0.15221614167030262,3.5235430743243272,5.998344551825194,0.7272727272727273,0.2727272727272727,0.7272727272727273,2.0198527010666645,0.4343497069897537,0.9025411942607853,UNVERIFIED_PYTHON_APPROXIMATION,strong directional edge
XAUUSD,2022,all_sessions,24,49,0.5306122448979592,0.46938775510204084,0.0,0.08774428488529838,0.02548082208530191,0.8345905296158832,-0.4017493288762235,0.02548082208530191,0.779087290537111,0.5306122448979592,0.46938775510204084,0.5306122448979592,0.7359417251952,0.39380627019919845,0.6629671810210522,UNVERIFIED_PYTHON_APPROXIMATION,usable
XAUUSD,2022,all_sessions,168,49,0.6326530612244898,0.3673469387755102,0.0,0.23001894449575244,0.6192468152821808,1.7479566808087807,-1.0048426512244235,0.6192468152821808,1.4594127711303244,0.6326530612244898,0.3673469387755102,0.6326530612244898,0.9211513243710695,0.49266811386889864,0.7533501747521878,UNVERIFIED_PYTHON_APPROXIMATION,strong directional edge
XAUUSD,2022,all_sessions,336,49,0.5306122448979592,0.46938775510204084,0.0,0.24264975934044283,0.41556837880839237,2.7450946723842558,-1.593417400101519,0.41556837880839237,2.3022575794453943,0.5306122448979592,0.46938775510204084,0.5306122448979592,0.6187576452173227,0.39380627019919845,0.6629671810210522,UNVERIFIED_PYTHON_APPROXIMATION,usable
XAUUSD,2022,london_only,24,10,0.4,0.6,0.0,-0.3257839050846322,-0.19133874742868215,0.9462561301081363,-1.102010521136327,-0.19133874742868215,0.1651521383322647,0.4,0.6,0.4,-1.0887318267347095,0.16817758120350962,0.6873304525498136,UNVERIFIED_PYTHON_APPROXIMATION,no directional edge
XAUUSD,2022,london_only,168,10,0.5,0.5,0.0,-0.025572859059167685,0.06994892248812112,1.9469661436548804,-0.9275119426891271,0.06994892248812112,1.283248842987719,0.5,0.5,0.5,-0.041535637983736454,0.23658959361548731,0.7634104063845126,UNVERIFIED_PYTHON_APPROXIMATION,borderline
XAUUSD,2022,london_only,336,10,0.6,0.4,0.0,0.7552851173783113,1.0952963321525746,3.0193804151938584,-1.3074299908353708,1.0952963321525746,2.988405604036018,0.6,0.4,0.6,0.791030253002995,0.3126695474501863,0.8318224187964902,UNVERIFIED_PYTHON_APPROXIMATION,strong directional edge
XAUUSD,2022,london_or_newyork,24,19,0.5789473684210527,0.42105263157894735,0.0,0.12274554597359366,0.11639197800623138,1.0648335054921478,-0.504268058662491,0.11639197800623138,0.9249588462812595,0.5789473684210527,0.42105263157894735,0.5789473684210527,0.50245923696901,0.36275551465160105,0.7685837960796962,UNVERIFIED_PYTHON_APPROXIMATION,strong directional edge
XAUUSD,2022,london_or_newyork,168,19,0.5789473684210527,0.42105263157894735,0.0,0.16832282701397458,0.7547570585599026,2.010995577166597,-1.1392440123055563,0.7547570585599026,1.4934710982462684,0.5789473684210527,0.42105263157894735,0.5789473684210527,0.36484525434846904,0.36275551465160105,0.7685837960796962,UNVERIFIED_PYTHON_APPROXIMATION,strong directional edge
XAUUSD,2022,london_or_newyork,336,19,0.5789473684210527,0.42105263157894735,0.0,0.48453469492300216,1.2814056350063086,3.0839588131656788,-1.8841346696410433,1.2814056350063086,2.8211765748846838,0.5789473684210527,0.42105263157894735,0.5789473684210527,0.6848462958688717,0.36275551465160105,0.7685837960796962,UNVERIFIED_PYTHON_APPROXIMATION,strong directional edge
XAUUSD,2023,all_sessions,24,44,0.5227272727272727,0.4772727272727273,0.0,0.1349131014260585,0.05744093654300517,1.197203009680068,-0.37802419438068335,0.05744093654300517,0.5070121221429471,0.5227272727272727,0.4772727272727273,0.5227272727272727,0.7475025256626661,0.379352201361717,0.6624524205572824,UNVERIFIED_PYTHON_APPROXIMATION,usable
XAUUSD,2023,all_sessions,168,44,0.4318181818181818,0.5681818181818182,0.0,0.11192531053998084,-0.3369220293672085,2.1167081412978335,-1.1535614836963592,-0.3369220293672085,0.9218775767449896,0.4318181818181818,0.5681818181818182,0.4318181818181818,0.35074675848085657,0.29682504164854573,0.5777610925944561,UNVERIFIED_PYTHON_APPROXIMATION,no directional edge
XAUUSD,2023,all_sessions,336,44,0.5,0.5,0.0,0.4406320817056336,-0.01080449128330551,2.933252723941016,-1.678469020884313,-0.01080449128330551,1.982050969936311,0.5,0.5,0.5,0.9964441684024479,0.35831521095931473,0.6416847890406853,UNVERIFIED_PYTHON_APPROXIMATION,borderline
XAUUSD,2023,london_only,24,6,0.3333333333333333,0.6666666666666666,0.0,-0.1140998096716817,-0.306461972572337,1.09986965533751,-0.9080665406689954,-0.306461972572337,0.847857723935109,0.3333333333333333,0.6666666666666666,0.3333333333333333,-0.2541085774009585,0.09676933255921683,0.7000116786584712,UNVERIFIED_PYTHON_APPROXIMATION,no directional edge
XAUUSD,2023,london_only,168,6,0.3333333333333333,0.6666666666666666,0.0,-0.8727952769908679,-1.0470894227163807,1.5613943772223564,-1.8917008822681822,-1.0470894227163807,0.48317764128074414,0.3333333333333333,0.6666666666666666,0.3333333333333333,-1.3692268332245168,0.09676933255921683,0.7000116786584712,UNVERIFIED_PYTHON_APPROXIMATION,no directional edge
XAUUSD,2023,london_only,336,6,0.3333333333333333,0.6666666666666666,0.0,-0.7131168478793501,-1.317707870242836,2.4739055421247595,-2.33642209805003,-1.317707870242836,1.1093450234002338,0.3333333333333333,0.6666666666666666,0.3333333333333333,-0.7060788597393626,0.09676933255921683,0.7000116786584712,UNVERIFIED_PYTHON_APPROXIMATION,no directional edge
XAUUSD,2023,london_or_newyork,24,10,0.4,0.6,0.0,-0.18277977415044105,-0.08057155186219081,1.170447029053227,-0.9080665406689954,-0.08057155186219081,0.757168889965142,0.4,0.6,0.4,-0.49382875275791455,0.16817758120350962,0.6873304525498136,UNVERIFIED_PYTHON_APPROXIMATION,no directional edge
XAUUSD,2023,london_or_newyork,168,10,0.3,0.7,0.0,-0.859620176689217,-0.8852241886726435,1.3922609549536131,-1.8917008822681822,-0.8852241886726435,0.48036498244312376,0.3,0.7,0.3,-1.9524771353405335,0.10778928748621183,0.6032267800204347,UNVERIFIED_PYTHON_APPROXIMATION,no directional edge
XAUUSD,2023,london_or_newyork,336,10,0.3,0.7,0.0,-0.7249807870640342,-0.5802741251797965,1.9993411818615723,-2.33642209805003,-0.5802741251797965,0.17897776203118593,0.3,0.7,0.3,-1.1466729979768986,0.10778928748621183,0.6032267800204347,UNVERIFIED_PYTHON_APPROXIMATION,no directional edge
XAUUSD,2024,all_sessions,24,29,0.7586206896551724,0.2413793103448276,0.0,0.2187215572456344,0.2899245405068336,0.8503039023451924,0.004943294705925647,0.2899245405068336,0.7062555718933438,0.7586206896551724,0.2413793103448276,0.7586206896551724,1.3852125450586024,0.578920477816713,0.8778173181493787,UNVERIFIED_PYTHON_APPROXIMATION,strong directional edge
XAUUSD,2024,all_sessions,168,29,0.7241379310344828,0.27586206896551724,0.0,0.46344801702077804,0.5127131945171135,1.0564017487677688,-0.0401523659561746,0.5127131945171135,1.0551991431851295,0.7241379310344828,0.27586206896551724,0.7241379310344828,2.3624950963094355,0.5428252365556403,0.8530141866149725,UNVERIFIED_PYTHON_APPROXIMATION,strong directional edge
XAUUSD,2024,all_sessions,336,29,0.7586206896551724,0.2413793103448276,0.0,1.5116954491524586,0.8807774876925155,2.233610028084052,0.11715567675863267,0.8807774876925155,2.846476596097496,0.7586206896551724,0.2413793103448276,0.7586206896551724,3.6446510489855597,0.578920477816713,0.8778173181493787,UNVERIFIED_PYTHON_APPROXIMATION,strong directional edge
XAUUSD,2024,london_only,24,7,0.5714285714285714,0.42857142857142855,0.0,-0.2777128219148508,0.2148967827927444,0.8462225206178792,-0.5883041937092388,0.2148967827927444,0.284530761938954,0.5714285714285714,0.42857142857142855,0.5714285714285714,-0.8682811491995875,0.2504542304090258,0.8417830777373732,UNVERIFIED_PYTHON_APPROXIMATION,strong directional edge
XAUUSD,2024,london_only,168,7,0.7142857142857143,0.2857142857142857,0.0,0.3096003175851841,0.24646774482013356,1.409172916140651,-0.48494749650277097,0.24646774482013356,0.7075473681085889,0.7142857142857143,0.2857142857142857,0.7142857142857143,0.58128100304424,0.35892909014821267,0.9177828342909844,UNVERIFIED_PYTHON_APPROXIMATION,strong directional edge
XAUUSD,2024,london_only,336,7,0.7142857142857143,0.2857142857142857,0.0,0.9711659528114872,0.2737117437954146,2.0938744543013694,-0.047304662681593224,0.2737117437954146,0.8948472072725663,0.7142857142857143,0.2857142857142857,0.7142857142857143,1.2271335502632117,0.35892909014821267,0.9177828342909844,UNVERIFIED_PYTHON_APPROXIMATION,strong directional edge
XAUUSD,2024,london_or_newyork,24,11,0.7272727272727273,0.2727272727272727,0.0,0.11934293229341093,0.22147797347654177,0.8856254315625889,-0.04079142789971005,0.22147797347654177,0.6406541361936887,0.7272727272727273,0.2727272727272727,0.7272727272727273,0.44693356095212766,0.4343497069897537,0.9025411942607853,UNVERIFIED_PYTHON_APPROXIMATION,strong directional edge
XAUUSD,2024,london_or_newyork,168,11,0.6363636363636364,0.36363636363636365,0.0,0.26273059461454507,0.24646774482013356,1.2031005284808867,-0.5057754540070712,0.24646774482013356,0.7479088930878864,0.6363636363636364,0.36363636363636365,0.6363636363636364,0.7242776332113119,0.3537967768916373,0.8483377638586862,UNVERIFIED_PYTHON_APPROXIMATION,strong directional edge
XAUUSD,2024,london_or_newyork,336,11,0.6363636363636364,0.36363636363636365,0.0,0.9134421177106566,0.2737117437954146,2.235437101654538,-0.2978374495343583,0.2737117437954146,0.8948472072725663,0.6363636363636364,0.36363636363636365,0.6363636363636364,1.3552359714847757,0.3537967768916373,0.8483377638586862,UNVERIFIED_PYTHON_APPROXIMATION,strong directional edge
XAUUSD,2025,all_sessions,24,25,0.6,0.4,0.0,0.12588428180909012,0.0601624385841857,0.8698604029219942,-0.15104650735568534,0.0601624385841857,0.529740876591,0.6,0.4,0.6,0.7235889884527767,0.40739127785127344,0.7659694233580909,UNVERIFIED_PYTHON_APPROXIMATION,strong directional edge
XAUUSD,2025,all_sessions,168,24,0.625,0.375,0.0,1.1382272342511772,1.619298131066678,2.799528012851774,-0.6653411046734533,1.619298131066678,2.9513621840023236,0.625,0.375,0.625,1.991818565454979,0.42709619037907065,0.7884086656636855,UNVERIFIED_PYTHON_APPROXIMATION,strong directional edge
XAUUSD,2025,all_sessions,336,24,0.6666666666666666,0.3333333333333333,0.0,1.5481799373047256,1.5238144941400487,2.752650091188854,-0.6321968580347254,1.5238144941400487,2.9911992919618617,0.6666666666666666,0.3333333333333333,0.6666666666666666,2.755345395006437,0.4670595949408046,0.8202802131162036,UNVERIFIED_PYTHON_APPROXIMATION,strong directional edge
XAUUSD,2025,london_only,24,6,0.5,0.5,0.0,-0.10829000080269398,-0.04544203438574982,0.9448440215373912,-0.8473108599638471,-0.04544203438574983,0.5428001878792638,0.5,0.5,0.5,-0.2807397201715625,0.18761280689940874,0.8123871931005913,UNVERIFIED_PYTHON_APPROXIMATION,borderline
XAUUSD,2025,london_only,168,6,0.5,0.5,0.0,0.2367664289241482,0.2773874765848541,1.9664268498495987,-1.0121885418757488,0.2773874765848541,1.8427987619624226,0.5,0.5,0.5,0.29492932276095657,0.18761280689940874,0.8123871931005913,UNVERIFIED_PYTHON_APPROXIMATION,borderline
XAUUSD,2025,london_only,336,6,0.5,0.5,0.0,1.377154206660892,1.152294937525304,3.263412044906149,-1.4291530267943715,1.152294937525304,3.9707058186668025,0.5,0.5,0.5,1.0336804108791515,0.18761280689940874,0.8123871931005913,UNVERIFIED_PYTHON_APPROXIMATION,borderline
XAUUSD,2025,london_or_newyork,24,11,0.5454545454545454,0.45454545454545453,0.0,0.025438818938344713,0.017178444959899,0.9521887820781099,-0.5319735626013941,0.017178444959899,0.3819209381142377,0.5454545454545454,0.45454545454545453,0.5454545454545454,0.08860744751071369,0.2800877556899882,0.7872904245601194,UNVERIFIED_PYTHON_APPROXIMATION,usable
XAUUSD,2025,london_or_newyork,168,11,0.5454545454545454,0.45454545454545453,0.0,0.7332590116374981,0.6667696465341031,2.6072985832895985,-1.3432810236719055,0.6667696465341031,2.1917735019539544,0.5454545454545454,0.45454545454545453,0.5454545454545454,0.93274511455457,0.2800877556899882,0.7872904245601194,UNVERIFIED_PYTHON_APPROXIMATION,usable
XAUUSD,2025,london_or_newyork,336,11,0.6363636363636364,0.36363636363636365,0.0,1.7979762335598053,1.417206560651122,3.5840668939588056,-1.1184090627929386,1.417206560651122,3.601097520661338,0.6363636363636364,0.36363636363636365,0.6363636363636364,1.663811732628565,0.3537967768916373,0.8483377638586862,UNVERIFIED_PYTHON_APPROXIMATION,strong directional edge
