timeframe,symbol,year,n_signals,win_rate,mean_forward_return_pct,median_forward_return_pct,truth_label_block
m15,BRENTCMDUSD,2022,22,0.5454545454545454,-0.3382443030502206,1.080146384740979,UNVERIFIED_PYTHON_APPROXIMATION
m15,BRENTCMDUSD,2023,18,0.3888888888888889,-1.3861005832625726,-1.733316462385375,UNVERIFIED_PYTHON_APPROXIMATION
m15,BRENTCMDUSD,2024,22,0.5,-0.5736043774478982,-0.3659053434366209,UNVERIFIED_PYTHON_APPROXIMATION
m15,BRENTCMDUSD,2025,23,0.4782608695652174,-0.730682357234295,-0.8263154562147792,UNVERIFIED_PYTHON_APPROXIMATION
m15,EURJPY,2022,14,0.2857142857142857,-0.1677307096123022,-0.8712643604008914,UNVERIFIED_PYTHON_APPROXIMATION
m15,EURJPY,2023,11,0.5454545454545454,-0.1711708864194158,0.0859225938514775,UNVERIFIED_PYTHON_APPROXIMATION
m15,EURJPY,2024,12,0.3333333333333333,-0.4486348420172907,-0.272708186960294,UNVERIFIED_PYTHON_APPROXIMATION
m15,EURJPY,2025,15,0.7333333333333333,0.6354348594641304,0.4627146759126393,UNVERIFIED_PYTHON_APPROXIMATION
m15,GBPJPY,2022,13,0.3846153846153846,-0.0717378363157332,-0.3954909153051298,UNVERIFIED_PYTHON_APPROXIMATION
m15,GBPJPY,2023,12,0.5,-0.1199642628343439,-0.2074062265982375,UNVERIFIED_PYTHON_APPROXIMATION
m15,GBPJPY,2024,16,0.4375,-0.7711467342038496,-0.4703099496748992,UNVERIFIED_PYTHON_APPROXIMATION
m15,GBPJPY,2025,17,0.7647058823529411,0.5047822703442817,0.7225522960762525,UNVERIFIED_PYTHON_APPROXIMATION
m15,LIGHTCMDUSD,2022,14,0.5714285714285714,0.0235827355819377,1.1790884806127309,UNVERIFIED_PYTHON_APPROXIMATION
m15,LIGHTCMDUSD,2023,21,0.5238095238095238,0.2255291027225519,1.0023190912306963,UNVERIFIED_PYTHON_APPROXIMATION
m15,LIGHTCMDUSD,2024,22,0.5454545454545454,0.0720629769324293,0.4366585812950989,UNVERIFIED_PYTHON_APPROXIMATION
m15,LIGHTCMDUSD,2025,27,0.4444444444444444,-0.3970234776363543,-0.0418900804289498,UNVERIFIED_PYTHON_APPROXIMATION
m15,USDJPY,2022,8,0.25,-0.7510605879788068,-0.5281234513651061,UNVERIFIED_PYTHON_APPROXIMATION
m15,USDJPY,2023,15,0.5333333333333333,0.256631144725322,0.4058169579365256,UNVERIFIED_PYTHON_APPROXIMATION
m15,USDJPY,2024,14,0.7142857142857143,0.340266635309272,0.9801574453121348,UNVERIFIED_PYTHON_APPROXIMATION
m15,USDJPY,2025,14,0.6428571428571429,0.829677213065304,0.6288107133770936,UNVERIFIED_PYTHON_APPROXIMATION
m15,XAGUSD,2022,22,0.5,0.7652254712655701,-0.1507107876022541,UNVERIFIED_PYTHON_APPROXIMATION
m15,XAGUSD,2023,20,0.4,-0.4281139504981876,-0.8908853167475826,UNVERIFIED_PYTHON_APPROXIMATION
m15,XAGUSD,2024,18,0.7222222222222222,1.7338901269058484,1.2517868022700598,UNVERIFIED_PYTHON_APPROXIMATION
m15,XAGUSD,2025,11,0.7272727272727273,3.652129649518672,3.5235430743243272,UNVERIFIED_PYTHON_APPROXIMATION
m15,XAUUSD,2022,19,0.5789473684210527,0.4845346949230021,1.2814056350063086,UNVERIFIED_PYTHON_APPROXIMATION
m15,XAUUSD,2023,10,0.3,-0.7249807870640342,-0.5802741251797965,UNVERIFIED_PYTHON_APPROXIMATION
m15,XAUUSD,2024,11,0.6363636363636364,0.9134421177106566,0.2737117437954146,UNVERIFIED_PYTHON_APPROXIMATION
m15,XAUUSD,2025,11,0.6363636363636364,1.7979762335598053,1.417206560651122,UNVERIFIED_PYTHON_APPROXIMATION
m30,BRENTCMDUSD,2022,6,0.0,-5.561256240678236,-5.52469063626251,UNVERIFIED_PYTHON_APPROXIMATION
m30,BRENTCMDUSD,2023,20,0.45,-0.2636326509462345,-0.1136591961597261,UNVERIFIED_PYTHON_APPROXIMATION
m30,BRENTCMDUSD,2024,21,0.6666666666666666,0.4527299010338134,0.4568824776432212,UNVERIFIED_PYTHON_APPROXIMATION
m30,BRENTCMDUSD,2025,17,0.4117647058823529,-0.8309536648642115,-0.8343303820690864,UNVERIFIED_PYTHON_APPROXIMATION
m30,EURJPY,2022,7,0.7142857142857143,1.1339827107031142,1.715749756742941,UNVERIFIED_PYTHON_APPROXIMATION
m30,EURJPY,2023,8,0.625,0.2617402980189081,0.6773174757003189,UNVERIFIED_PYTHON_APPROXIMATION
m30,EURJPY,2024,7,0.5714285714285714,-0.3123636736898968,0.1743804493890411,UNVERIFIED_PYTHON_APPROXIMATION
m30,EURJPY,2025,3,0.6666666666666666,0.1701026753224822,0.2418239103391329,UNVERIFIED_PYTHON_APPROXIMATION
m30,GBPJPY,2022,7,0.2857142857142857,-0.1002336857684816,-0.3559785663431768,UNVERIFIED_PYTHON_APPROXIMATION
m30,GBPJPY,2023,14,0.6428571428571429,0.2621876177144279,0.989230525868042,UNVERIFIED_PYTHON_APPROXIMATION
m30,GBPJPY,2024,8,0.375,-1.8010395408377449,-2.1521480540485705,UNVERIFIED_PYTHON_APPROXIMATION
m30,GBPJPY,2025,6,1.0,0.8814165374923227,0.7081254866762519,UNVERIFIED_PYTHON_APPROXIMATION
m30,LIGHTCMDUSD,2022,13,0.5384615384615384,0.7292534676654013,0.8065756420991572,UNVERIFIED_PYTHON_APPROXIMATION
m30,LIGHTCMDUSD,2023,24,0.4583333333333333,-1.144837521828412,-1.348160683034189,UNVERIFIED_PYTHON_APPROXIMATION
m30,LIGHTCMDUSD,2024,20,0.55,-0.4582060198588825,0.1388865917431971,UNVERIFIED_PYTHON_APPROXIMATION
m30,LIGHTCMDUSD,2025,21,0.4285714285714285,0.3962396412648901,-0.5943396226415103,UNVERIFIED_PYTHON_APPROXIMATION
m30,USDJPY,2022,4,0.25,-1.5302565734608409,-0.7946061890396104,UNVERIFIED_PYTHON_APPROXIMATION
m30,USDJPY,2023,9,0.5555555555555556,0.2526143965009698,0.1371198732403001,UNVERIFIED_PYTHON_APPROXIMATION
m30,USDJPY,2024,6,0.3333333333333333,-1.2328230744311306,-1.296319312800676,UNVERIFIED_PYTHON_APPROXIMATION
m30,USDJPY,2025,8,0.25,-0.8108418759894263,-0.9598719665575138,UNVERIFIED_PYTHON_APPROXIMATION
m30,XAGUSD,2022,15,0.6,0.2525590179166492,2.563412138510435,UNVERIFIED_PYTHON_APPROXIMATION
m30,XAGUSD,2023,12,0.5833333333333334,1.987972300529754,1.280414719240714,UNVERIFIED_PYTHON_APPROXIMATION
m30,XAGUSD,2024,14,0.7142857142857143,1.3763880409472,0.9111972696703946,UNVERIFIED_PYTHON_APPROXIMATION
m30,XAGUSD,2025,5,1.0,9.580198183659252,9.916088429885422,UNVERIFIED_PYTHON_APPROXIMATION
m30,XAUUSD,2022,16,0.3125,0.2216921999245149,-0.2831246694296438,UNVERIFIED_PYTHON_APPROXIMATION
m30,XAUUSD,2023,10,0.5,-0.0427008072075464,0.0769189467299902,UNVERIFIED_PYTHON_APPROXIMATION
m30,XAUUSD,2024,7,0.7142857142857143,1.404425749514466,0.8569048897422259,UNVERIFIED_PYTHON_APPROXIMATION
m30,XAUUSD,2025,8,0.875,2.064082790631974,2.282379028501292,UNVERIFIED_PYTHON_APPROXIMATION
